#include "ui.h"
#include "screens.h"
#include "images.h"
#include "actions.h"
#include "vars.h"

// ASSETS DEFINITION
const uint8_t assets[28748] = {
    0x7E, 0x45, 0x45, 0x5A, 0x03, 0x00, 0x06, 0x00, 0x00, 0x00, 0x00, 0x00, 0x24, 0x00, 0x00, 0x00,
    0x24, 0x00, 0x00, 0x00, 0x00, 0x00, 0x00, 0x00, 0x00, 0x00, 0x00, 0x00, 0x00, 0x00, 0x00, 0x00,
    0x00, 0x00, 0x00, 0x00, 0x20, 0x00, 0x00, 0x00, 0x00, 0x00, 0x00, 0x00, 0x00, 0x00, 0x00, 0x00,
    0xE0, 0x01, 0x40, 0x01, 0x01, 0x00, 0x00, 0x00, 0x24, 0x00, 0x00, 0x00, 0x02, 0x00, 0x00, 0x00,
    0x20, 0x00, 0x00, 0x00, 0x0F, 0x00, 0x00, 0x00, 0x1C, 0x00, 0x00, 0x00, 0x43, 0x00, 0x00, 0x00,
    0x8C, 0x69, 0x00, 0x00, 0x10, 0x00, 0x00, 0x00, 0x48, 0x00, 0x00, 0x00, 0x84, 0x00, 0x00, 0x00,
    0x00, 0x00, 0xFF, 0xFF, 0x88, 0x00, 0x00, 0x00, 0xB4, 0x00, 0x00, 0x00, 0xE0, 0x00, 0x00, 0x00,
    0x0C, 0x01, 0x00, 0x00, 0x38, 0x01, 0x00, 0x00, 0x64, 0x01, 0x00, 0x00, 0x90, 0x01, 0x00, 0x00,
    0xBC, 0x01, 0x00, 0x00, 0xE8, 0x01, 0x00, 0x00, 0x14, 0x02, 0x00, 0x00, 0x40, 0x02, 0x00, 0x00,
    0x6C, 0x02, 0x00, 0x00, 0x98, 0x02, 0x00, 0x00, 0xC4, 0x02, 0x00, 0x00, 0xF0, 0x02, 0x00, 0x00,
    0x1C, 0x03, 0x00, 0x00, 0x28, 0x03, 0x00, 0x00, 0x34, 0x03, 0x00, 0x00, 0x40, 0x03, 0x00, 0x00,
    0x4C, 0x03, 0x00, 0x00, 0x58, 0x03, 0x00, 0x00, 0x64, 0x03, 0x00, 0x00, 0x70, 0x03, 0x00, 0x00,
    0x7C, 0x03, 0x00, 0x00, 0x88, 0x03, 0x00, 0x00, 0x94, 0x03, 0x00, 0x00, 0xA0, 0x03, 0x00, 0x00,
    0xAC, 0x03, 0x00, 0x00, 0xB8, 0x03, 0x00, 0x00, 0xC4, 0x03, 0x00, 0x00, 0xD0, 0x03, 0x00, 0x00,
    0xDC, 0x03, 0x00, 0x00, 0x00, 0x00, 0x00, 0x00, 0x00, 0x00, 0x00, 0x00, 0x0B, 0x00, 0x00, 0x00,
    0xD4, 0x03, 0x00, 0x00, 0x00, 0x00, 0x00, 0x00, 0x00, 0x00, 0x00, 0x00, 0x06, 0x00, 0x00, 0x00,
    0xE8, 0x69, 0x00, 0x00, 0x00, 0x00, 0x00, 0x00, 0x00, 0x00, 0x00, 0x00, 0x00, 0x00, 0x00, 0x00,
    0x00, 0x00, 0x00, 0x00, 0x00, 0x00, 0x00, 0x00, 0x00, 0x00, 0x00, 0x00, 0x31, 0x00, 0x00, 0x00,
    0xD0, 0x03, 0x00, 0x00, 0x00, 0x00, 0x00, 0x00, 0x00, 0x00, 0x00, 0x00, 0x16, 0x00, 0x00, 0x00,
    0xC0, 0x69, 0x00, 0x00, 0x00, 0x00, 0x00, 0x00, 0x00, 0x00, 0x00, 0x00, 0x00, 0x00, 0x00, 0x00,
    0x00, 0x00, 0x00, 0x00, 0x00, 0x00, 0x00, 0x00, 0x00, 0x00, 0x00, 0x00, 0x0B, 0x00, 0x00, 0x00,
    0x64, 0x04, 0x00, 0x00, 0x00, 0x00, 0x00, 0x00, 0x00, 0x00, 0x00, 0x00, 0x04, 0x00, 0x00, 0x00,
    0xA8, 0x69, 0x00, 0x00, 0x00, 0x00, 0x00, 0x00, 0x00, 0x00, 0x00, 0x00, 0x00, 0x00, 0x00, 0x00,
    0x00, 0x00, 0x00, 0x00, 0x00, 0x00, 0x00, 0x00, 0x00, 0x00, 0x00, 0x00, 0x19, 0x00, 0x00, 0x00,
    0x60, 0x04, 0x00, 0x00, 0x00, 0x00, 0x00, 0x00, 0x00, 0x00, 0x00, 0x00, 0x0B, 0x00, 0x00, 0x00,
    0x7C, 0x69, 0x00, 0x00, 0x00, 0x00, 0x00, 0x00, 0x00, 0x00, 0x00, 0x00, 0x00, 0x00, 0x00, 0x00,
    0x00, 0x00, 0x00, 0x00, 0x00, 0x00, 0x00, 0x00, 0x00, 0x00, 0x00, 0x00, 0x6F, 0x00, 0x00, 0x00,
    0x94, 0x04, 0x00, 0x00, 0x00, 0x00, 0x00, 0x00, 0x00, 0x00, 0x00, 0x00, 0x2D, 0x00, 0x00, 0x00,
    0x58, 0x69, 0x00, 0x00, 0x00, 0x00, 0x00, 0x00, 0x00, 0x00, 0x00, 0x00, 0x00, 0x00, 0x00, 0x00,
    0x00, 0x00, 0x00, 0x00, 0x00, 0x00, 0x00, 0x00, 0x00, 0x00, 0x00, 0x00, 0x06, 0x00, 0x00, 0x00,
    0x20, 0x06, 0x00, 0x00, 0x00, 0x00, 0x00, 0x00, 0x00, 0x00, 0x00, 0x00, 0x01, 0x00, 0x00, 0x00,
    0x58, 0x69, 0x00, 0x00, 0x00, 0x00, 0x00, 0x00, 0x00, 0x00, 0x00, 0x00, 0x00, 0x00, 0x00, 0x00,
    0x00, 0x00, 0x00, 0x00, 0x00, 0x00, 0x00, 0x00, 0x00, 0x00, 0x00, 0x00, 0x09, 0x00, 0x00, 0x00,
    0x08, 0x06, 0x00, 0x00, 0x00, 0x00, 0x00, 0x00, 0x00, 0x00, 0x00, 0x00, 0x03, 0x00, 0x00, 0x00,
    0x2C, 0x69, 0x00, 0x00, 0x00, 0x00, 0x00, 0x00, 0x00, 0x00, 0x00, 0x00, 0x00, 0x00, 0x00, 0x00,
    0x00, 0x00, 0x00, 0x00, 0x00, 0x00, 0x00, 0x00, 0x00, 0x00, 0x00, 0x00, 0x0A, 0x00, 0x00, 0x00,
    0xFC, 0x05, 0x00, 0x00, 0x00, 0x00, 0x00, 0x00, 0x00, 0x00, 0x00, 0x00, 0x04, 0x00, 0x00, 0x00,
    0x00, 0x69, 0x00, 0x00, 0x00, 0x00, 0x00, 0x00, 0x00, 0x00, 0x00, 0x00, 0x00, 0x00, 0x00, 0x00,
    0x00, 0x00, 0x00, 0x00, 0x00, 0x00, 0x00, 0x00, 0x00, 0x00, 0x00, 0x00, 0x06, 0x00, 0x00, 0x00,
    0xF4, 0x05, 0x00, 0x00, 0x00, 0x00, 0x00, 0x00, 0x00, 0x00, 0x00, 0x00, 0x04, 0x00, 0x00, 0x00,
    0xD4, 0x68, 0x00, 0x00, 0x00, 0x00, 0x00, 0x00, 0x00, 0x00, 0x00, 0x00, 0x00, 0x00, 0x00, 0x00,
    0x00, 0x00, 0x00, 0x00, 0x00, 0x00, 0x00, 0x00, 0x00, 0x00, 0x00, 0x00, 0x04, 0x00, 0x00, 0x00,
    0xDC, 0x05, 0x00, 0x00, 0x00, 0x00, 0x00, 0x00, 0x00, 0x00, 0x00, 0x00, 0x00, 0x00, 0x00, 0x00,
    0x00, 0x00, 0x00, 0x00, 0x00, 0x00, 0x00, 0x00, 0x00, 0x00, 0x00, 0x00, 0x00, 0x00, 0x00, 0x00,
    0x00, 0x00, 0x00, 0x00, 0x00, 0x00, 0x00, 0x00, 0x00, 0x00, 0x00, 0x00, 0x05, 0x00, 0x00, 0x00,
    0xBC, 0x05, 0x00, 0x00, 0x00, 0x00, 0x00, 0x00, 0x00, 0x00, 0x00, 0x00, 0x04, 0x00, 0x00, 0x00,
    0x78, 0x68, 0x00, 0x00, 0x00, 0x00, 0x00, 0x00, 0x00, 0x00, 0x00, 0x00, 0x00, 0x00, 0x00, 0x00,
    0x00, 0x00, 0x00, 0x00, 0x00, 0x00, 0x00, 0x00, 0x00, 0x00, 0x00, 0x00, 0x0A, 0x00, 0x00, 0x00,
    0xA0, 0x05, 0x00, 0x00, 0x00, 0x00, 0x00, 0x00, 0x00, 0x00, 0x00, 0x00, 0x09, 0x00, 0x00, 0x00,
    0x4C, 0x68, 0x00, 0x00, 0x00, 0x00, 0x00, 0x00, 0x00, 0x00, 0x00, 0x00, 0x00, 0x00, 0x00, 0x00,
    0x00, 0x00, 0x00, 0x00, 0x00, 0x00, 0x00, 0x00, 0x00, 0x00, 0x00, 0x00, 0x08, 0x00, 0x00, 0x00,
    0x98, 0x05, 0x00, 0x00, 0x00, 0x00, 0x00, 0x00, 0x00, 0x00, 0x00, 0x00, 0x07, 0x00, 0x00, 0x00,
    0x28, 0x68, 0x00, 0x00, 0x00, 0x00, 0x00, 0x00, 0x00, 0x00, 0x00, 0x00, 0x00, 0x00, 0x00, 0x00,
    0x00, 0x00, 0x00, 0x00, 0x00, 0x00, 0x00, 0x00, 0x00, 0x00, 0x00, 0x00, 0x07, 0x00, 0x00, 0x00,
    0x88, 0x05, 0x00, 0x00, 0x00, 0x00, 0x00, 0x00, 0x00, 0x00, 0x00, 0x00, 0x06, 0x00, 0x00, 0x00,
    0x00, 0x68, 0x00, 0x00, 0x00, 0x00, 0x00, 0x00, 0x00, 0x00, 0x00, 0x00, 0x00, 0x00, 0x00, 0x00,
    0x00, 0x00, 0x00, 0x00, 0x00, 0x00, 0x00, 0x00, 0x00, 0x00, 0x00, 0x00, 0x06, 0x00, 0x00, 0x00,
    0x74, 0x05, 0x00, 0x00, 0x00, 0x00, 0x00, 0x00, 0x00, 0x00, 0x00, 0x00, 0x05, 0x00, 0x00, 0x00,
    0xD8, 0x67, 0x00, 0x00, 0x00, 0x00, 0x00, 0x00, 0x00, 0x00, 0x00, 0x00, 0x00, 0x00, 0x00, 0x00,
    0x00, 0x00, 0x00, 0x00, 0x00, 0x00, 0x00, 0x00, 0x00, 0x00, 0x00, 0x00, 0x0E, 0x00, 0x00, 0x00,
    0x00, 0x00, 0x00, 0x00, 0x58, 0x05, 0x00, 0x00, 0x00, 0x00, 0x00, 0x00, 0x0E, 0x00, 0x00, 0x00,
    0x00, 0x00, 0x00, 0x00, 0x4C, 0x05, 0x00, 0x00, 0x00, 0x00, 0x00, 0x00, 0x0E, 0x00, 0x00, 0x00,
    0x00, 0x00, 0x00, 0x00, 0x40, 0x05, 0x00, 0x00, 0x00, 0x00, 0x00, 0x00, 0x0E, 0x00, 0x00, 0x00,
    0x00, 0x00, 0x00, 0x00, 0x34, 0x05, 0x00, 0x00, 0x00, 0x00, 0x00, 0x00, 0x0E, 0x00, 0x00, 0x00,
    0x00, 0x00, 0x00, 0x00, 0x28, 0x05, 0x00, 0x00, 0x00, 0x00, 0x00, 0x00, 0x0E, 0x00, 0x00, 0x00,
    0x00, 0x00, 0x00, 0x00, 0x1C, 0x05, 0x00, 0x00, 0x00, 0x00, 0x00, 0x00, 0x02, 0x00, 0x00, 0x00,
    0x00, 0x00, 0x00, 0x00, 0x00, 0x00, 0x00, 0x00, 0x00, 0x00, 0x00, 0x00, 0x02, 0x00, 0x00, 0x00,
    0x00, 0x00, 0x00, 0x00, 0x00, 0x00, 0x00, 0x00, 0x00, 0x00, 0x00, 0x00, 0x02, 0x00, 0x00, 0x00,
    0x00, 0x00, 0x00, 0x00, 0x00, 0x00, 0x00, 0x00, 0x00, 0x00, 0x00, 0x00, 0x02, 0x00, 0x00, 0x00,
    0x00, 0x00, 0x00, 0x00, 0x00, 0x00, 0x00, 0x00, 0x00, 0x00, 0x00, 0x00, 0x0E, 0x00, 0x00, 0x00,
    0x00, 0x00, 0x00, 0x00, 0xD0, 0x04, 0x00, 0x00, 0x00, 0x00, 0x00, 0x00, 0x0E, 0x00, 0x00, 0x00,
    0x00, 0x00, 0x00, 0x00, 0xC4, 0x04, 0x00, 0x00, 0x00, 0x00, 0x00, 0x00, 0x0E, 0x00, 0x00, 0x00,
    0x00, 0x00, 0x00, 0x00, 0xB8, 0x04, 0x00, 0x00, 0x00, 0x00, 0x00, 0x00, 0x0E, 0x00, 0x00, 0x00,
    0x00, 0x00, 0x00, 0x00, 0xAC, 0x04, 0x00, 0x00, 0x00, 0x00, 0x00, 0x00, 0x02, 0x00, 0x00, 0x00,
    0x00, 0x00, 0x00, 0x00, 0x00, 0x00, 0x00, 0x00, 0x00, 0x00, 0x00, 0x00, 0x15, 0x00, 0x00, 0x00,
    0x00, 0x00, 0x00, 0x00, 0x00, 0x00, 0x00, 0x00, 0x00, 0x00, 0x00, 0x00, 0x44, 0x65, 0x66, 0x61,
    0x75, 0x6C, 0x74, 0x00, 0x80, 0x04, 0x00, 0x00, 0x9C, 0x04, 0x00, 0x00, 0xB8, 0x04, 0x00, 0x00,
    0xD4, 0x04, 0x00, 0x00, 0xF0, 0x04, 0x00, 0x00, 0x14, 0x05, 0x00, 0x00, 0x30, 0x05, 0x00, 0x00,
    0x54, 0x05, 0x00, 0x00, 0x78, 0x05, 0x00, 0x00, 0x94, 0x05, 0x00, 0x00, 0xB8, 0x05, 0x00, 0x00,
    0xD4, 0x05, 0x00, 0x00, 0xF0, 0x05, 0x00, 0x00, 0x0C, 0x06, 0x00, 0x00, 0x28, 0x06, 0x00, 0x00,
    0x44, 0x06, 0x00, 0x00, 0x60, 0x06, 0x00, 0x00, 0x7C, 0x06, 0x00, 0x00, 0x98, 0x06, 0x00, 0x00,
    0xB4, 0x06, 0x00, 0x00, 0xD0, 0x06, 0x00, 0x00, 0xEC, 0x06, 0x00, 0x00, 0x08, 0x07, 0x00, 0x00,
    0x24, 0x07, 0x00, 0x00, 0x40, 0x07, 0x00, 0x00, 0x5C, 0x07, 0x00, 0x00, 0x78, 0x07, 0x00, 0x00,
    0x94, 0x07, 0x00, 0x00, 0xB0, 0x07, 0x00, 0x00, 0xCC, 0x07, 0x00, 0x00, 0xE8, 0x07, 0x00, 0x00,
    0x04, 0x08, 0x00, 0x00, 0x20, 0x08, 0x00, 0x00, 0x3C, 0x08, 0x00, 0x00, 0x58, 0x08, 0x00, 0x00,
    0x7C, 0x08, 0x00, 0x00, 0x98, 0x08, 0x00, 0x00, 0xBC, 0x08, 0x00, 0x00, 0xD8, 0x08, 0x00, 0x00,
    0xFC, 0x08, 0x00, 0x00, 0x20, 0x09, 0x00, 0x00, 0x44, 0x09, 0x00, 0x00, 0x68, 0x09, 0x00, 0x00,
    0x84, 0x09, 0x00, 0x00, 0xA8, 0x09, 0x00, 0x00, 0xCC, 0x09, 0x00, 0x00, 0xF0, 0x09, 0x00, 0x00,
    0x0C, 0x0A, 0x00, 0x00, 0x28, 0x0A, 0x00, 0x00, 0x44, 0x0A, 0x00, 0x00, 0x60, 0x0A, 0x00, 0x00,
    0x84, 0x0A, 0x00, 0x00, 0xA8, 0x0A, 0x00, 0x00, 0xC4, 0x0A, 0x00, 0x00, 0xE8, 0x0A, 0x00, 0x00,
    0x0C, 0x0B, 0x00, 0x00, 0x2C, 0x0B, 0x00, 0x00, 0x48, 0x0B, 0x00, 0x00, 0x64, 0x0B, 0x00, 0x00,
    0x88, 0x0B, 0x00, 0x00, 0xAC, 0x0B, 0x00, 0x00, 0xC8, 0x0B, 0x00, 0x00, 0xE4, 0x0B, 0x00, 0x00,
    0x00, 0x0C, 0x00, 0x00, 0x1C, 0x0C, 0x00, 0x00, 0x38, 0x0C, 0x00, 0x00, 0x54, 0x0C, 0x00, 0x00,
    0x78, 0x0C, 0x00, 0x00, 0x94, 0x0C, 0x00, 0x00, 0xB0, 0x0C, 0x00, 0x00, 0xD4, 0x0C, 0x00, 0x00,
    0xF4, 0x0C, 0x00, 0x00, 0x10, 0x0D, 0x00, 0x00, 0x2C, 0x0D, 0x00, 0x00, 0x48, 0x0D, 0x00, 0x00,
    0x64, 0x0D, 0x00, 0x00, 0x80, 0x0D, 0x00, 0x00, 0x9C, 0x0D, 0x00, 0x00, 0xB8, 0x0D, 0x00, 0x00,
    0xD4, 0x0D, 0x00, 0x00, 0xF0, 0x0D, 0x00, 0x00, 0x0C, 0x0E, 0x00, 0x00, 0x28, 0x0E, 0x00, 0x00,
    0x44, 0x0E, 0x00, 0x00, 0x60, 0x0E, 0x00, 0x00, 0x84, 0x0E, 0x00, 0x00, 0xA8, 0x0E, 0x00, 0x00,
    0xCC, 0x0E, 0x00, 0x00, 0xEC, 0x0E, 0x00, 0x00, 0x10, 0x0F, 0x00, 0x00, 0x34, 0x0F, 0x00, 0x00,
    0x54, 0x0F, 0x00, 0x00, 0x74, 0x0F, 0x00, 0x00, 0x94, 0x0F, 0x00, 0x00, 0xB0, 0x0F, 0x00, 0x00,
    0xCC, 0x0F, 0x00, 0x00, 0xF0, 0x0F, 0x00, 0x00, 0x0C, 0x10, 0x00, 0x00, 0x28, 0x10, 0x00, 0x00,
    0x44, 0x10, 0x00, 0x00, 0x60, 0x10, 0x00, 0x00, 0x7C, 0x10, 0x00, 0x00, 0x98, 0x10, 0x00, 0x00,
    0xB4, 0x10, 0x00, 0x00, 0xD0, 0x10, 0x00, 0x00, 0xEC, 0x10, 0x00, 0x00, 0x08, 0x11, 0x00, 0x00,
    0x24, 0x11, 0x00, 0x00, 0x40, 0x11, 0x00, 0x00, 0x5C, 0x11, 0x00, 0x00, 0x78, 0x11, 0x00, 0x00,
    0x94, 0x11, 0x00, 0x00, 0xB0, 0x11, 0x00, 0x00, 0xCC, 0x11, 0x00, 0x00, 0xE8, 0x11, 0x00, 0x00,
    0x04, 0x12, 0x00, 0x00, 0x20, 0x12, 0x00, 0x00, 0x3C, 0x12, 0x00, 0x00, 0x58, 0x12, 0x00, 0x00,
    0x74, 0x12, 0x00, 0x00, 0x90, 0x12, 0x00, 0x00, 0xAC, 0x12, 0x00, 0x00, 0xC8, 0x12, 0x00, 0x00,
    0xE4, 0x12, 0x00, 0x00, 0x00, 0x13, 0x00, 0x00, 0x1C, 0x13, 0x00, 0x00, 0x38, 0x13, 0x00, 0x00,
    0x54, 0x13, 0x00, 0x00, 0x70, 0x13, 0x00, 0x00, 0x8C, 0x13, 0x00, 0x00, 0xA8, 0x13, 0x00, 0x00,
    0xC4, 0x13, 0x00, 0x00, 0xE0, 0x13, 0x00, 0x00, 0xFC, 0x13, 0x00, 0x00, 0x18, 0x14, 0x00, 0x00,
    0x34, 0x14, 0x00, 0x00, 0x50, 0x14, 0x00, 0x00, 0x6C, 0x14, 0x00, 0x00, 0x88, 0x14, 0x00, 0x00,
    0xA4, 0x14, 0x00, 0x00, 0xC0, 0x14, 0x00, 0x00, 0xDC, 0x14, 0x00, 0x00, 0xF8, 0x14, 0x00, 0x00,
    0x14, 0x15, 0x00, 0x00, 0x30, 0x15, 0x00, 0x00, 0x4C, 0x15, 0x00, 0x00, 0x68, 0x15, 0x00, 0x00,
    0x84, 0x15, 0x00, 0x00, 0xA0, 0x15, 0x00, 0x00, 0xC4, 0x15, 0x00, 0x00, 0xE8, 0x15, 0x00, 0x00,
    0x0C, 0x16, 0x00, 0x00, 0x30, 0x16, 0x00, 0x00, 0x54, 0x16, 0x00, 0x00, 0x78, 0x16, 0x00, 0x00,
    0x9C, 0x16, 0x00, 0x00, 0xB8, 0x16, 0x00, 0x00, 0xD4, 0x16, 0x00, 0x00, 0xF0, 0x16, 0x00, 0x00,
    0x14, 0x17, 0x00, 0x00, 0x30, 0x17, 0x00, 0x00, 0x54, 0x17, 0x00, 0x00, 0x70, 0x17, 0x00, 0x00,
    0x94, 0x17, 0x00, 0x00, 0xB8, 0x17, 0x00, 0x00, 0xDC, 0x17, 0x00, 0x00, 0x00, 0x18, 0x00, 0x00,
    0x1C, 0x18, 0x00, 0x00, 0x40, 0x18, 0x00, 0x00, 0x64, 0x18, 0x00, 0x00, 0x88, 0x18, 0x00, 0x00,
    0xAC, 0x18, 0x00, 0x00, 0xC8, 0x18, 0x00, 0x00, 0xEC, 0x18, 0x00, 0x00, 0x10, 0x19, 0x00, 0x00,
    0x34, 0x19, 0x00, 0x00, 0x58, 0x19, 0x00, 0x00, 0x7C, 0x19, 0x00, 0x00, 0xA0, 0x19, 0x00, 0x00,
    0xC4, 0x19, 0x00, 0x00, 0xE8, 0x19, 0x00, 0x00, 0x0C, 0x1A, 0x00, 0x00, 0x30, 0x1A, 0x00, 0x00,
    0x54, 0x1A, 0x00, 0x00, 0x70, 0x1A, 0x00, 0x00, 0x94, 0x1A, 0x00, 0x00, 0xB0, 0x1A, 0x00, 0x00,
    0xCC, 0x1A, 0x00, 0x00, 0xF0, 0x1A, 0x00, 0x00, 0x14, 0x1B, 0x00, 0x00, 0x30, 0x1B, 0x00, 0x00,
    0x54, 0x1B, 0x00, 0x00, 0x78, 0x1B, 0x00, 0x00, 0x98, 0x1B, 0x00, 0x00, 0xB4, 0x1B, 0x00, 0x00,
    0xD0, 0x1B, 0x00, 0x00, 0xEC, 0x1B, 0x00, 0x00, 0x10, 0x1C, 0x00, 0x00, 0x2C, 0x1C, 0x00, 0x00,
    0x48, 0x1C, 0x00, 0x00, 0x6C, 0x1C, 0x00, 0x00, 0x88, 0x1C, 0x00, 0x00, 0xA4, 0x1C, 0x00, 0x00,
    0xC0, 0x1C, 0x00, 0x00, 0xE0, 0x1C, 0x00, 0x00, 0x00, 0x1D, 0x00, 0x00, 0x1C, 0x1D, 0x00, 0x00,
    0x3C, 0x1D, 0x00, 0x00, 0x58, 0x1D, 0x00, 0x00, 0x74, 0x1D, 0x00, 0x00, 0x90, 0x1D, 0x00, 0x00,
    0xAC, 0x1D, 0x00, 0x00, 0xC8, 0x1D, 0x00, 0x00, 0xEC, 0x1D, 0x00, 0x00, 0x08, 0x1E, 0x00, 0x00,
    0x24, 0x1E, 0x00, 0x00, 0x40, 0x1E, 0x00, 0x00, 0x5C, 0x1E, 0x00, 0x00, 0x78, 0x1E, 0x00, 0x00,
    0x94, 0x1E, 0x00, 0x00, 0xB8, 0x1E, 0x00, 0x00, 0xD8, 0x1E, 0x00, 0x00, 0xF8, 0x1E, 0x00, 0x00,
    0x14, 0x1F, 0x00, 0x00, 0x30, 0x1F, 0x00, 0x00, 0x4C, 0x1F, 0x00, 0x00, 0x68, 0x1F, 0x00, 0x00,
    0x84, 0x1F, 0x00, 0x00, 0xA8, 0x1F, 0x00, 0x00, 0xC8, 0x1F, 0x00, 0x00, 0xE4, 0x1F, 0x00, 0x00,
    0x00, 0x20, 0x00, 0x00, 0x24, 0x20, 0x00, 0x00, 0x40, 0x20, 0x00, 0x00, 0x5C, 0x20, 0x00, 0x00,
    0x80, 0x20, 0x00, 0x00, 0xA4, 0x20, 0x00, 0x00, 0xC0, 0x20, 0x00, 0x00, 0xDC, 0x20, 0x00, 0x00,
    0xF8, 0x20, 0x00, 0x00, 0x14, 0x21, 0x00, 0x00, 0x30, 0x21, 0x00, 0x00, 0x4C, 0x21, 0x00, 0x00,
    0x70, 0x21, 0x00, 0x00, 0x94, 0x21, 0x00, 0x00, 0xB8, 0x21, 0x00, 0x00, 0xDC, 0x21, 0x00, 0x00,
    0xF8, 0x21, 0x00, 0x00, 0x1C, 0x22, 0x00, 0x00, 0x40, 0x22, 0x00, 0x00, 0x64, 0x22, 0x00, 0x00,
    0x80, 0x22, 0x00, 0x00, 0xA4, 0x22, 0x00, 0x00, 0xC0, 0x22, 0x00, 0x00, 0xE4, 0x22, 0x00, 0x00,
    0x08, 0x23, 0x00, 0x00, 0x2C, 0x23, 0x00, 0x00, 0x50, 0x23, 0x00, 0x00, 0x74, 0x23, 0x00, 0x00,
    0x98, 0x23, 0x00, 0x00, 0xB4, 0x23, 0x00, 0x00, 0xD8, 0x23, 0x00, 0x00, 0xF4, 0x23, 0x00, 0x00,
    0x18, 0x24, 0x00, 0x00, 0x34, 0x24, 0x00, 0x00, 0x50, 0x24, 0x00, 0x00, 0x74, 0x24, 0x00, 0x00,
    0x98, 0x24, 0x00, 0x00, 0xBC, 0x24, 0x00, 0x00, 0xE0, 0x24, 0x00, 0x00, 0x04, 0x25, 0x00, 0x00,
    0x28, 0x25, 0x00, 0x00, 0x44, 0x25, 0x00, 0x00, 0x68, 0x25, 0x00, 0x00, 0x8C, 0x25, 0x00, 0x00,
    0xB0, 0x25, 0x00, 0x00, 0xD4, 0x25, 0x00, 0x00, 0xF8, 0x25, 0x00, 0x00, 0x00, 0x00, 0x00, 0x00,
    0x00, 0x00, 0x00, 0x00, 0x00, 0x00, 0x00, 0x00, 0x00, 0x00, 0x00, 0x00, 0x00, 0x00, 0x00, 0x00,
    0x00, 0x00, 0x00, 0x00, 0x00, 0x00, 0x00, 0x00, 0x00, 0x00, 0x00, 0x00, 0x00, 0x00, 0x00, 0x00,
    0x00, 0x00, 0x00, 0x00, 0x30, 0x75, 0x00, 0x00, 0x00, 0x00, 0x00, 0x00, 0x00, 0x00, 0x00, 0x00,
    0x03, 0x00, 0x00, 0x00, 0xDC, 0x25, 0x00, 0x00, 0x00, 0x00, 0x00, 0x00, 0x00, 0x00, 0x00, 0x00,
    0xFF, 0xFF, 0x00, 0x00, 0x31, 0x75, 0x00, 0x00, 0x00, 0x00, 0x00, 0x00, 0x00, 0x00, 0x00, 0x00,
    0x03, 0x00, 0x00, 0x00, 0xC8, 0x25, 0x00, 0x00, 0x01, 0x00, 0x00, 0x00, 0xCC, 0x25, 0x00, 0x00,
    0xFF, 0xFF, 0x00, 0x00, 0x32, 0x75, 0x00, 0x00, 0x00, 0x00, 0x00, 0x00, 0x00, 0x00, 0x00, 0x00,
    0x03, 0x00, 0x00, 0x00, 0xB8, 0x25, 0x00, 0x00, 0x00, 0x00, 0x00, 0x00, 0x00, 0x00, 0x00, 0x00,
    0xFF, 0xFF, 0x00, 0x00, 0x32, 0x75, 0x00, 0x00, 0x00, 0x00, 0x00, 0x00, 0x00, 0x00, 0x00, 0x00,
    0x04, 0x00, 0x00, 0x00, 0xA4, 0x25, 0x00, 0x00, 0x00, 0x00, 0x00, 0x00, 0x00, 0x00, 0x00, 0x00,
    0xFF, 0xFF, 0x00, 0x00, 0x14, 0x04, 0x00, 0x00, 0x01, 0x00, 0x00, 0x00, 0x9C, 0x25, 0x00, 0x00,
    0x00, 0x00, 0x00, 0x00, 0x00, 0x00, 0x00, 0x00, 0x01, 0x00, 0x00, 0x00, 0x90, 0x25, 0x00, 0x00,
    0xFF, 0xFF, 0x00, 0x00, 0x01, 0x00, 0x00, 0x00, 0x88, 0x25, 0x00, 0x00, 0xF6, 0x03, 0x00, 0x00,
    0x01, 0x00, 0x00, 0x00, 0x80, 0x25, 0x00, 0x00, 0x01, 0x00, 0x00, 0x00, 0x7C, 0x25, 0x00, 0x00,
    0x01, 0x00, 0x00, 0x00, 0x78, 0x25, 0x00, 0x00, 0xFF, 0xFF, 0x00, 0x00, 0xEF, 0x03, 0x00, 0x00,
    0x01, 0x00, 0x00, 0x00, 0x6C, 0x25, 0x00, 0x00, 0x00, 0x00, 0x00, 0x00, 0x00, 0x00, 0x00, 0x00,
    0x01, 0x00, 0x00, 0x00, 0x60, 0x25, 0x00, 0x00, 0xFF, 0xFF, 0x00, 0x00, 0x01, 0x00, 0x00, 0x00,
    0x58, 0x25, 0x00, 0x00, 0xEF, 0x03, 0x00, 0x00, 0x01, 0x00, 0x00, 0x00, 0x50, 0x25, 0x00, 0x00,
    0x00, 0x00, 0x00, 0x00, 0x00, 0x00, 0x00, 0x00, 0x01, 0x00, 0x00, 0x00, 0x44, 0x25, 0x00, 0x00,
    0xFF, 0xFF, 0x00, 0x00, 0x01, 0x00, 0x00, 0x00, 0x3C, 0x25, 0x00, 0x00, 0xED, 0x03, 0x00, 0x00,
    0x00, 0x00, 0x00, 0x00, 0x00, 0x00, 0x00, 0x00, 0x01, 0x00, 0x00, 0x00, 0x2C, 0x25, 0x00, 0x00,
    0x02, 0x00, 0x00, 0x00, 0x28, 0x25, 0x00, 0x00, 0xFF, 0xFF, 0x00, 0x00, 0xEF, 0x03, 0x00, 0x00,
    0x01, 0x00, 0x00, 0x00, 0x20, 0x25, 0x00, 0x00, 0x00, 0x00, 0x00, 0x00, 0x00, 0x00, 0x00, 0x00,
    0x01, 0x00, 0x00, 0x00, 0x14, 0x25, 0x00, 0x00, 0xFF, 0xFF, 0x00, 0x00, 0x01, 0x00, 0x00, 0x00,
    0x0C, 0x25, 0x00, 0x00, 0xF2, 0x03, 0x00, 0x00, 0x01, 0x00, 0x00, 0x00, 0x04, 0x25, 0x00, 0x00,
    0x01, 0x00, 0x00, 0x00, 0x00, 0x25, 0x00, 0x00, 0x03, 0x00, 0x00, 0x00, 0xFC, 0x24, 0x00, 0x00,
    0xFF, 0xFF, 0x00, 0x00, 0x33, 0x75, 0x00, 0x00, 0x00, 0x00, 0x00, 0x00, 0x00, 0x00, 0x00, 0x00,
    0x03, 0x00, 0x00, 0x00, 0xF0, 0x24, 0x00, 0x00, 0x01, 0x00, 0x00, 0x00, 0xF4, 0x24, 0x00, 0x00,
    0xFF, 0xFF, 0x00, 0x00, 0x31, 0x75, 0x00, 0x00, 0x00, 0x00, 0x00, 0x00, 0x00, 0x00, 0x00, 0x00,
    0x03, 0x00, 0x00, 0x00, 0xE0, 0x24, 0x00, 0x00, 0x00, 0x00, 0x00, 0x00, 0x00, 0x00, 0x00, 0x00,
    0xFF, 0xFF, 0x00, 0x00, 0x34, 0x75, 0x00, 0x00, 0x00, 0x00, 0x00, 0x00, 0x00, 0x00, 0x00, 0x00,
    0x03, 0x00, 0x00, 0x00, 0xCC, 0x24, 0x00, 0x00, 0x00, 0x00, 0x00, 0x00, 0x00, 0x00, 0x00, 0x00,
    0xFF, 0xFF, 0x00, 0x00, 0x32, 0x75, 0x00, 0x00, 0x00, 0x00, 0x00, 0x00, 0x00, 0x00, 0x00, 0x00,
    0x03, 0x00, 0x00, 0x00, 0xB8, 0x24, 0x00, 0x00, 0x00, 0x00, 0x00, 0x00, 0x00, 0x00, 0x00, 0x00,
    0xFF, 0xFF, 0x00, 0x00, 0x34, 0x75, 0x00, 0x00, 0x00, 0x00, 0x00, 0x00, 0x00, 0x00, 0x00, 0x00,
    0x03, 0x00, 0x00, 0x00, 0xA4, 0x24, 0x00, 0x00, 0x00, 0x00, 0x00, 0x00, 0x00, 0x00, 0x00, 0x00,
    0xFF, 0xFF, 0x00, 0x00, 0x32, 0x75, 0x00, 0x00, 0x00, 0x00, 0x00, 0x00, 0x00, 0x00, 0x00, 0x00,
    0x04, 0x00, 0x00, 0x00, 0x90, 0x24, 0x00, 0x00, 0x00, 0x00, 0x00, 0x00, 0x00, 0x00, 0x00, 0x00,
    0xFF, 0xFF, 0x00, 0x00, 0x34, 0x75, 0x00, 0x00, 0x00, 0x00, 0x00, 0x00, 0x00, 0x00, 0x00, 0x00,
    0x03, 0x00, 0x00, 0x00, 0x80, 0x24, 0x00, 0x00, 0x00, 0x00, 0x00, 0x00, 0x00, 0x00, 0x00, 0x00,
    0xFF, 0xFF, 0x00, 0x00, 0x32, 0x75, 0x00, 0x00, 0x00, 0x00, 0x00, 0x00, 0x00, 0x00, 0x00, 0x00,
    0x04, 0x00, 0x00, 0x00, 0x6C, 0x24, 0x00, 0x00, 0x00, 0x00, 0x00, 0x00, 0x00, 0x00, 0x00, 0x00,
    0xFF, 0xFF, 0x00, 0x00, 0x32, 0x75, 0x00, 0x00, 0x00, 0x00, 0x00, 0x00, 0x00, 0x00, 0x00, 0x00,
    0x03, 0x00, 0x00, 0x00, 0x5C, 0x24, 0x00, 0x00, 0x00, 0x00, 0x00, 0x00, 0x00, 0x00, 0x00, 0x00,
    0xFF, 0xFF, 0x00, 0x00, 0x35, 0x75, 0x00, 0x00, 0x00, 0x00, 0x00, 0x00, 0x00, 0x00, 0x00, 0x00,
    0x03, 0x00, 0x00, 0x00, 0x48, 0x24, 0x00, 0x00, 0x01, 0x00, 0x00, 0x00, 0x4C, 0x24, 0x00, 0x00,
    0xFF, 0xFF, 0x00, 0x00, 0x36, 0x75, 0x00, 0x00, 0x00, 0x00, 0x00, 0x00, 0x00, 0x00, 0x00, 0x00,
    0x03, 0x00, 0x00, 0x00, 0x38, 0x24, 0x00, 0x00, 0x01, 0x00, 0x00, 0x00, 0x3C, 0x24, 0x00, 0x00,
    0xFF, 0xFF, 0x00, 0x00, 0x32, 0x75, 0x00, 0x00, 0x00, 0x00, 0x00, 0x00, 0x00, 0x00, 0x00, 0x00,
    0x04, 0x00, 0x00, 0x00, 0x28, 0x24, 0x00, 0x00, 0x00, 0x00, 0x00, 0x00, 0x00, 0x00, 0x00, 0x00,
    0xFF, 0xFF, 0x00, 0x00, 0x34, 0x75, 0x00, 0x00, 0x00, 0x00, 0x00, 0x00, 0x00, 0x00, 0x00, 0x00,
    0x03, 0x00, 0x00, 0x00, 0x18, 0x24, 0x00, 0x00, 0x00, 0x00, 0x00, 0x00, 0x00, 0x00, 0x00, 0x00,
    0xFF, 0xFF, 0x00, 0x00, 0x36, 0x75, 0x00, 0x00, 0x00, 0x00, 0x00, 0x00, 0x00, 0x00, 0x00, 0x00,
    0x03, 0x00, 0x00, 0x00, 0x04, 0x24, 0x00, 0x00, 0x01, 0x00, 0x00, 0x00, 0x08, 0x24, 0x00, 0x00,
    0xFF, 0xFF, 0x00, 0x00, 0x32, 0x75, 0x00, 0x00, 0x00, 0x00, 0x00, 0x00, 0x00, 0x00, 0x00, 0x00,
    0x03, 0x00, 0x00, 0x00, 0xF4, 0x23, 0x00, 0x00, 0x00, 0x00, 0x00, 0x00, 0x00, 0x00, 0x00, 0x00,
    0xFF, 0xFF, 0x00, 0x00, 0x32, 0x75, 0x00, 0x00, 0x00, 0x00, 0x00, 0x00, 0x00, 0x00, 0x00, 0x00,
    0x04, 0x00, 0x00, 0x00, 0xE0, 0x23, 0x00, 0x00, 0x00, 0x00, 0x00, 0x00, 0x00, 0x00, 0x00, 0x00,
    0xFF, 0xFF, 0x00, 0x00, 0x36, 0x75, 0x00, 0x00, 0x00, 0x00, 0x00, 0x00, 0x00, 0x00, 0x00, 0x00,
    0x03, 0x00, 0x00, 0x00, 0xD0, 0x23, 0x00, 0x00, 0x01, 0x00, 0x00, 0x00, 0xD4, 0x23, 0x00, 0x00,
    0xFF, 0xFF, 0x00, 0x00, 0x32, 0x75, 0x00, 0x00, 0x00, 0x00, 0x00, 0x00, 0x00, 0x00, 0x00, 0x00,
    0x03, 0x00, 0x00, 0x00, 0xC0, 0x23, 0x00, 0x00, 0x00, 0x00, 0x00, 0x00, 0x00, 0x00, 0x00, 0x00,
    0xFF, 0xFF, 0x00, 0x00, 0x36, 0x75, 0x00, 0x00, 0x00, 0x00, 0x00, 0x00, 0x00, 0x00, 0x00, 0x00,
    0x03, 0x00, 0x00, 0x00, 0xAC, 0x23, 0x00, 0x00, 0x01, 0x00, 0x00, 0x00, 0xB0, 0x23, 0x00, 0x00,
    0xFF, 0xFF, 0x00, 0x00, 0x32, 0x75, 0x00, 0x00, 0x00, 0x00, 0x00, 0x00, 0x00, 0x00, 0x00, 0x00,
    0x03, 0x00, 0x00, 0x00, 0x9C, 0x23, 0x00, 0x00, 0x00, 0x00, 0x00, 0x00, 0x00, 0x00, 0x00, 0x00,
    0xFF, 0xFF, 0x00, 0x00, 0x37, 0x75, 0x00, 0x00, 0x00, 0x00, 0x00, 0x00, 0x00, 0x00, 0x00, 0x00,
    0x03, 0x00, 0x00, 0x00, 0x88, 0x23, 0x00, 0x00, 0x00, 0x00, 0x00, 0x00, 0x00, 0x00, 0x00, 0x00,
    0xFF, 0xFF, 0x00, 0x00, 0x32, 0x75, 0x00, 0x00, 0x00, 0x00, 0x00, 0x00, 0x00, 0x00, 0x00, 0x00,
    0x04, 0x00, 0x00, 0x00, 0x74, 0x23, 0x00, 0x00, 0x00, 0x00, 0x00, 0x00, 0x00, 0x00, 0x00, 0x00,
    0xFF, 0xFF, 0x00, 0x00, 0x32, 0x75, 0x00, 0x00, 0x00, 0x00, 0x00, 0x00, 0x00, 0x00, 0x00, 0x00,
    0x04, 0x00, 0x00, 0x00, 0x64, 0x23, 0x00, 0x00, 0x00, 0x00, 0x00, 0x00, 0x00, 0x00, 0x00, 0x00,
    0xFF, 0xFF, 0x00, 0x00, 0xEF, 0x03, 0x00, 0x00, 0x01, 0x00, 0x00, 0x00, 0x5C, 0x23, 0x00, 0x00,
    0x00, 0x00, 0x00, 0x00, 0x00, 0x00, 0x00, 0x00, 0x01, 0x00, 0x00, 0x00, 0x50, 0x23, 0x00, 0x00,
    0xFF, 0xFF, 0x00, 0x00, 0x01, 0x00, 0x00, 0x00, 0x48, 0x23, 0x00, 0x00, 0xED, 0x03, 0x00, 0x00,
    0x00, 0x00, 0x00, 0x00, 0x00, 0x00, 0x00, 0x00, 0x01, 0x00, 0x00, 0x00, 0x38, 0x23, 0x00, 0x00,
    0x02, 0x00, 0x00, 0x00, 0x34, 0x23, 0x00, 0x00, 0xFF, 0xFF, 0x00, 0x00, 0x14, 0x04, 0x00, 0x00,
    0x01, 0x00, 0x00, 0x00, 0x2C, 0x23, 0x00, 0x00, 0x00, 0x00, 0x00, 0x00, 0x00, 0x00, 0x00, 0x00,
    0x01, 0x00, 0x00, 0x00, 0x20, 0x23, 0x00, 0x00, 0xFF, 0xFF, 0x00, 0x00, 0x01, 0x00, 0x00, 0x00,
    0x18, 0x23, 0x00, 0x00, 0xED, 0x03, 0x00, 0x00, 0x00, 0x00, 0x00, 0x00, 0x00, 0x00, 0x00, 0x00,
    0x01, 0x00, 0x00, 0x00, 0x08, 0x23, 0x00, 0x00, 0x02, 0x00, 0x00, 0x00, 0x04, 0x23, 0x00, 0x00,
    0xFF, 0xFF, 0x00, 0x00, 0x14, 0x04, 0x00, 0x00, 0x01, 0x00, 0x00, 0x00, 0xFC, 0x22, 0x00, 0x00,
    0x00, 0x00, 0x00, 0x00, 0x00, 0x00, 0x00, 0x00, 0x01, 0x00, 0x00, 0x00, 0xF0, 0x22, 0x00, 0x00,
    0xFF, 0xFF, 0x00, 0x00, 0x02, 0x00, 0x00, 0x00, 0xE8, 0x22, 0x00, 0x00, 0x14, 0x04, 0x00, 0x00,
    0x01, 0x00, 0x00, 0x00, 0xE4, 0x22, 0x00, 0x00, 0x00, 0x00, 0x00, 0x00, 0x00, 0x00, 0x00, 0x00,
    0x01, 0x00, 0x00, 0x00, 0xD8, 0x22, 0x00, 0x00, 0xFF, 0xFF, 0x00, 0x00, 0x02, 0x00, 0x00, 0x00,
    0xD0, 0x22, 0x00, 0x00, 0xEF, 0x03, 0x00, 0x00, 0x01, 0x00, 0x00, 0x00, 0xCC, 0x22, 0x00, 0x00,
    0x00, 0x00, 0x00, 0x00, 0x00, 0x00, 0x00, 0x00, 0x01, 0x00, 0x00, 0x00, 0xC0, 0x22, 0x00, 0x00,
    0xFF, 0xFF, 0x00, 0x00, 0x01, 0x00, 0x00, 0x00, 0xB8, 0x22, 0x00, 0x00, 0xEF, 0x03, 0x00, 0x00,
    0x01, 0x00, 0x00, 0x00, 0xB0, 0x22, 0x00, 0x00, 0x00, 0x00, 0x00, 0x00, 0x00, 0x00, 0x00, 0x00,
    0x01, 0x00, 0x00, 0x00, 0xA4, 0x22, 0x00, 0x00, 0xFF, 0xFF, 0x00, 0x00, 0x01, 0x00, 0x00, 0x00,
    0x9C, 0x22, 0x00, 0x00, 0xED, 0x03, 0x00, 0x00, 0x00, 0x00, 0x00, 0x00, 0x00, 0x00, 0x00, 0x00,
    0x01, 0x00, 0x00, 0x00, 0x8C, 0x22, 0x00, 0x00, 0x02, 0x00, 0x00, 0x00, 0x88, 0x22, 0x00, 0x00,
    0xFF, 0xFF, 0x00, 0x00, 0xEF, 0x03, 0x00, 0x00, 0x01, 0x00, 0x00, 0x00, 0x80, 0x22, 0x00, 0x00,
    0x00, 0x00, 0x00, 0x00, 0x00, 0x00, 0x00, 0x00, 0x01, 0x00, 0x00, 0x00, 0x74, 0x22, 0x00, 0x00,
    0xFF, 0xFF, 0x00, 0x00, 0x01, 0x00, 0x00, 0x00, 0x6C, 0x22, 0x00, 0x00, 0x14, 0x04, 0x00, 0x00,
    0x01, 0x00, 0x00, 0x00, 0x64, 0x22, 0x00, 0x00, 0x00, 0x00, 0x00, 0x00, 0x00, 0x00, 0x00, 0x00,
    0x01, 0x00, 0x00, 0x00, 0x58, 0x22, 0x00, 0x00, 0xFF, 0xFF, 0x00, 0x00, 0x02, 0x00, 0x00, 0x00,
    0x50, 0x22, 0x00, 0x00, 0x14, 0x04, 0x00, 0x00, 0x01, 0x00, 0x00, 0x00, 0x4C, 0x22, 0x00, 0x00,
    0x00, 0x00, 0x00, 0x00, 0x00, 0x00, 0x00, 0x00, 0x01, 0x00, 0x00, 0x00, 0x40, 0x22, 0x00, 0x00,
    0xFF, 0xFF, 0x00, 0x00, 0x02, 0x00, 0x00, 0x00, 0x38, 0x22, 0x00, 0x00, 0xF2, 0x03, 0x00, 0x00,
    0x01, 0x00, 0x00, 0x00, 0x34, 0x22, 0x00, 0x00, 0x01, 0x00, 0x00, 0x00, 0x30, 0x22, 0x00, 0x00,
    0x03, 0x00, 0x00, 0x00, 0x2C, 0x22, 0x00, 0x00, 0xFF, 0xFF, 0x00, 0x00, 0xF2, 0x03, 0x00, 0x00,
    0x01, 0x00, 0x00, 0x00, 0x28, 0x22, 0x00, 0x00, 0x01, 0x00, 0x00, 0x00, 0x24, 0x22, 0x00, 0x00,
    0x03, 0x00, 0x00, 0x00, 0x20, 0x22, 0x00, 0x00, 0xFF, 0xFF, 0x00, 0x00, 0xF2, 0x03, 0x00, 0x00,
    0x01, 0x00, 0x00, 0x00, 0x1C, 0x22, 0x00, 0x00, 0x01, 0x00, 0x00, 0x00, 0x18, 0x22, 0x00, 0x00,
    0x03, 0x00, 0x00, 0x00, 0x14, 0x22, 0x00, 0x00, 0xFF, 0xFF, 0x00, 0x00, 0xF2, 0x03, 0x00, 0x00,
    0x01, 0x00, 0x00, 0x00, 0x10, 0x22, 0x00, 0x00, 0x01, 0x00, 0x00, 0x00, 0x0C, 0x22, 0x00, 0x00,
    0x03, 0x00, 0x00, 0x00, 0x08, 0x22, 0x00, 0x00, 0xFF, 0xFF, 0x00, 0x00, 0xEF, 0x03, 0x00, 0x00,
    0x01, 0x00, 0x00, 0x00, 0x04, 0x22, 0x00, 0x00, 0x00, 0x00, 0x00, 0x00, 0x00, 0x00, 0x00, 0x00,
    0x01, 0x00, 0x00, 0x00, 0xF8, 0x21, 0x00, 0x00, 0xFF, 0xFF, 0x00, 0x00, 0x01, 0x00, 0x00, 0x00,
    0xF0, 0x21, 0x00, 0x00, 0xEF, 0x03, 0x00, 0x00, 0x01, 0x00, 0x00, 0x00, 0xE8, 0x21, 0x00, 0x00,
    0x00, 0x00, 0x00, 0x00, 0x00, 0x00, 0x00, 0x00, 0x01, 0x00, 0x00, 0x00, 0xDC, 0x21, 0x00, 0x00,
    0xFF, 0xFF, 0x00, 0x00, 0x01, 0x00, 0x00, 0x00, 0xD4, 0x21, 0x00, 0x00, 0xF2, 0x03, 0x00, 0x00,
    0x01, 0x00, 0x00, 0x00, 0xCC, 0x21, 0x00, 0x00, 0x01, 0x00, 0x00, 0x00, 0xC8, 0x21, 0x00, 0x00,
    0x03, 0x00, 0x00, 0x00, 0xC4, 0x21, 0x00, 0x00, 0xFF, 0xFF, 0x00, 0x00, 0x14, 0x04, 0x00, 0x00,
    0x01, 0x00, 0x00, 0x00, 0xC0, 0x21, 0x00, 0x00, 0x00, 0x00, 0x00, 0x00, 0x00, 0x00, 0x00, 0x00,
    0x01, 0x00, 0x00, 0x00, 0xB4, 0x21, 0x00, 0x00, 0xFF, 0xFF, 0x00, 0x00, 0x01, 0x00, 0x00, 0x00,
    0xAC, 0x21, 0x00, 0x00, 0x14, 0x04, 0x00, 0x00, 0x01, 0x00, 0x00, 0x00, 0xA4, 0x21, 0x00, 0x00,
    0x00, 0x00, 0x00, 0x00, 0x00, 0x00, 0x00, 0x00, 0x01, 0x00, 0x00, 0x00, 0x98, 0x21, 0x00, 0x00,
    0xFF, 0xFF, 0x00, 0x00, 0x01, 0x00, 0x00, 0x00, 0x90, 0x21, 0x00, 0x00, 0xF5, 0x03, 0x00, 0x00,
    0x01, 0x00, 0x00, 0x00, 0x88, 0x21, 0x00, 0x00, 0x00, 0x00, 0x00, 0x00, 0x00, 0x00, 0x00, 0x00,
    0x00, 0x00, 0x00, 0x00, 0x00, 0x00, 0x00, 0x00, 0xFF, 0xFF, 0x00, 0x00, 0x0A, 0x00, 0x00, 0x00,
    0xE9, 0x03, 0x00, 0x00, 0x00, 0x00, 0x00, 0x00, 0x00, 0x00, 0x00, 0x00, 0x00, 0x00, 0x00, 0x00,
    0x00, 0x00, 0x00, 0x00, 0x01, 0x00, 0x00, 0x00, 0x58, 0x21, 0x00, 0x00, 0xFF, 0xFF, 0x00, 0x00,
    0xF6, 0x03, 0x00, 0x00, 0x01, 0x00, 0x00, 0x00, 0x4C, 0x21, 0x00, 0x00, 0x01, 0x00, 0x00, 0x00,
    0x48, 0x21, 0x00, 0x00, 0x01, 0x00, 0x00, 0x00, 0x44, 0x21, 0x00, 0x00, 0xFF, 0xFF, 0x00, 0x00,
    0xEF, 0x03, 0x00, 0x00, 0x01, 0x00, 0x00, 0x00, 0x38, 0x21, 0x00, 0x00, 0x00, 0x00, 0x00, 0x00,
    0x00, 0x00, 0x00, 0x00, 0x01, 0x00, 0x00, 0x00, 0x2C, 0x21, 0x00, 0x00, 0xFF, 0xFF, 0x00, 0x00,
    0x01, 0x00, 0x00, 0x00, 0x24, 0x21, 0x00, 0x00, 0x14, 0x04, 0x00, 0x00, 0x01, 0x00, 0x00, 0x00,
    0x1C, 0x21, 0x00, 0x00, 0x00, 0x00, 0x00, 0x00, 0x00, 0x00, 0x00, 0x00, 0x01, 0x00, 0x00, 0x00,
    0x10, 0x21, 0x00, 0x00, 0xFF, 0xFF, 0x00, 0x00, 0x01, 0x00, 0x00, 0x00, 0x08, 0x21, 0x00, 0x00,
    0x38, 0x75, 0x00, 0x00, 0x00, 0x00, 0x00, 0x00, 0x00, 0x00, 0x00, 0x00, 0x03, 0x00, 0x00, 0x00,
    0xF8, 0x20, 0x00, 0x00, 0x01, 0x00, 0x00, 0x00, 0xFC, 0x20, 0x00, 0x00, 0xFF, 0xFF, 0x00, 0x00,
    0x31, 0x75, 0x00, 0x00, 0x00, 0x00, 0x00, 0x00, 0x00, 0x00, 0x00, 0x00, 0x03, 0x00, 0x00, 0x00,
    0xE8, 0x20, 0x00, 0x00, 0x00, 0x00, 0x00, 0x00, 0x00, 0x00, 0x00, 0x00, 0xFF, 0xFF, 0x00, 0x00,
    0x39, 0x75, 0x00, 0x00, 0x00, 0x00, 0x00, 0x00, 0x00, 0x00, 0x00, 0x00, 0x04, 0x00, 0x00, 0x00,
    0xD4, 0x20, 0x00, 0x00, 0x00, 0x00, 0x00, 0x00, 0x00, 0x00, 0x00, 0x00, 0xFF, 0xFF, 0x00, 0x00,
    0x36, 0x75, 0x00, 0x00, 0x00, 0x00, 0x00, 0x00, 0x00, 0x00, 0x00, 0x00, 0x03, 0x00, 0x00, 0x00,
    0xC4, 0x20, 0x00, 0x00, 0x01, 0x00, 0x00, 0x00, 0xC8, 0x20, 0x00, 0x00, 0xFF, 0xFF, 0x00, 0x00,
    0x32, 0x75, 0x00, 0x00, 0x00, 0x00, 0x00, 0x00, 0x00, 0x00, 0x00, 0x00, 0x03, 0x00, 0x00, 0x00,
    0xB4, 0x20, 0x00, 0x00, 0x00, 0x00, 0x00, 0x00, 0x00, 0x00, 0x00, 0x00, 0xFF, 0xFF, 0x00, 0x00,
    0x39, 0x75, 0x00, 0x00, 0x00, 0x00, 0x00, 0x00, 0x00, 0x00, 0x00, 0x00, 0x04, 0x00, 0x00, 0x00,
    0xA0, 0x20, 0x00, 0x00, 0x00, 0x00, 0x00, 0x00, 0x00, 0x00, 0x00, 0x00, 0xFF, 0xFF, 0x00, 0x00,
    0x14, 0x04, 0x00, 0x00, 0x01, 0x00, 0x00, 0x00, 0x98, 0x20, 0x00, 0x00, 0x00, 0x00, 0x00, 0x00,
    0x00, 0x00, 0x00, 0x00, 0x01, 0x00, 0x00, 0x00, 0x8C, 0x20, 0x00, 0x00, 0xFF, 0xFF, 0x00, 0x00,
    0x01, 0x00, 0x00, 0x00, 0x84, 0x20, 0x00, 0x00, 0xED, 0x03, 0x00, 0x00, 0x00, 0x00, 0x00, 0x00,
    0x00, 0x00, 0x00, 0x00, 0x01, 0x00, 0x00, 0x00, 0x74, 0x20, 0x00, 0x00, 0x02, 0x00, 0x00, 0x00,
    0x70, 0x20, 0x00, 0x00, 0xFF, 0xFF, 0x00, 0x00, 0xF2, 0x03, 0x00, 0x00, 0x01, 0x00, 0x00, 0x00,
    0x68, 0x20, 0x00, 0x00, 0x01, 0x00, 0x00, 0x00, 0x64, 0x20, 0x00, 0x00, 0x03, 0x00, 0x00, 0x00,
    0x60, 0x20, 0x00, 0x00, 0xFF, 0xFF, 0x00, 0x00, 0x14, 0x04, 0x00, 0x00, 0x01, 0x00, 0x00, 0x00,
    0x5C, 0x20, 0x00, 0x00, 0x00, 0x00, 0x00, 0x00, 0x00, 0x00, 0x00, 0x00, 0x01, 0x00, 0x00, 0x00,
    0x50, 0x20, 0x00, 0x00, 0xFF, 0xFF, 0x00, 0x00, 0x01, 0x00, 0x00, 0x00, 0x48, 0x20, 0x00, 0x00,
    0xF5, 0x03, 0x00, 0x00, 0x01, 0x00, 0x00, 0x00, 0x40, 0x20, 0x00, 0x00, 0x00, 0x00, 0x00, 0x00,
    0x00, 0x00, 0x00, 0x00, 0x00, 0x00, 0x00, 0x00, 0x00, 0x00, 0x00, 0x00, 0xFF, 0xFF, 0x00, 0x00,
    0x0B, 0x00, 0x00, 0x00, 0x36, 0x75, 0x00, 0x00, 0x00, 0x00, 0x00, 0x00, 0x00, 0x00, 0x00, 0x00,
    0x03, 0x00, 0x00, 0x00, 0x18, 0x20, 0x00, 0x00, 0x01, 0x00, 0x00, 0x00, 0x1C, 0x20, 0x00, 0x00,
    0xFF, 0xFF, 0x00, 0x00, 0x31, 0x75, 0x00, 0x00, 0x00, 0x00, 0x00, 0x00, 0x00, 0x00, 0x00, 0x00,
    0x03, 0x00, 0x00, 0x00, 0x08, 0x20, 0x00, 0x00, 0x00, 0x00, 0x00, 0x00, 0x00, 0x00, 0x00, 0x00,
    0xFF, 0xFF, 0x00, 0x00, 0x32, 0x75, 0x00, 0x00, 0x00, 0x00, 0x00, 0x00, 0x00, 0x00, 0x00, 0x00,
    0x03, 0x00, 0x00, 0x00, 0xF4, 0x1F, 0x00, 0x00, 0x00, 0x00, 0x00, 0x00, 0x00, 0x00, 0x00, 0x00,
    0xFF, 0xFF, 0x00, 0x00, 0x36, 0x75, 0x00, 0x00, 0x00, 0x00, 0x00, 0x00, 0x00, 0x00, 0x00, 0x00,
    0x03, 0x00, 0x00, 0x00, 0xE0, 0x1F, 0x00, 0x00, 0x01, 0x00, 0x00, 0x00, 0xE4, 0x1F, 0x00, 0x00,
    0xFF, 0xFF, 0x00, 0x00, 0x32, 0x75, 0x00, 0x00, 0x00, 0x00, 0x00, 0x00, 0x00, 0x00, 0x00, 0x00,
    0x03, 0x00, 0x00, 0x00, 0xD0, 0x1F, 0x00, 0x00, 0x00, 0x00, 0x00, 0x00, 0x00, 0x00, 0x00, 0x00,
    0xFF, 0xFF, 0x00, 0x00, 0x36, 0x75, 0x00, 0x00, 0x00, 0x00, 0x00, 0x00, 0x00, 0x00, 0x00, 0x00,
    0x03, 0x00, 0x00, 0x00, 0xBC, 0x1F, 0x00, 0x00, 0x01, 0x00, 0x00, 0x00, 0xC0, 0x1F, 0x00, 0x00,
    0xFF, 0xFF, 0x00, 0x00, 0x32, 0x75, 0x00, 0x00, 0x00, 0x00, 0x00, 0x00, 0x00, 0x00, 0x00, 0x00,
    0x03, 0x00, 0x00, 0x00, 0xAC, 0x1F, 0x00, 0x00, 0x00, 0x00, 0x00, 0x00, 0x00, 0x00, 0x00, 0x00,
    0xFF, 0xFF, 0x00, 0x00, 0x34, 0x75, 0x00, 0x00, 0x00, 0x00, 0x00, 0x00, 0x00, 0x00, 0x00, 0x00,
    0x03, 0x00, 0x00, 0x00, 0x98, 0x1F, 0x00, 0x00, 0x00, 0x00, 0x00, 0x00, 0x00, 0x00, 0x00, 0x00,
    0xFF, 0xFF, 0x00, 0x00, 0x32, 0x75, 0x00, 0x00, 0x00, 0x00, 0x00, 0x00, 0x00, 0x00, 0x00, 0x00,
    0x03, 0x00, 0x00, 0x00, 0x84, 0x1F, 0x00, 0x00, 0x00, 0x00, 0x00, 0x00, 0x00, 0x00, 0x00, 0x00,
    0xFF, 0xFF, 0x00, 0x00, 0x36, 0x75, 0x00, 0x00, 0x00, 0x00, 0x00, 0x00, 0x00, 0x00, 0x00, 0x00,
    0x03, 0x00, 0x00, 0x00, 0x70, 0x1F, 0x00, 0x00, 0x01, 0x00, 0x00, 0x00, 0x74, 0x1F, 0x00, 0x00,
    0xFF, 0xFF, 0x00, 0x00, 0x32, 0x75, 0x00, 0x00, 0x00, 0x00, 0x00, 0x00, 0x00, 0x00, 0x00, 0x00,
    0x03, 0x00, 0x00, 0x00, 0x60, 0x1F, 0x00, 0x00, 0x00, 0x00, 0x00, 0x00, 0x00, 0x00, 0x00, 0x00,
    0xFF, 0xFF, 0x00, 0x00, 0x36, 0x75, 0x00, 0x00, 0x00, 0x00, 0x00, 0x00, 0x00, 0x00, 0x00, 0x00,
    0x03, 0x00, 0x00, 0x00, 0x4C, 0x1F, 0x00, 0x00, 0x01, 0x00, 0x00, 0x00, 0x50, 0x1F, 0x00, 0x00,
    0xFF, 0xFF, 0x00, 0x00, 0x32, 0x75, 0x00, 0x00, 0x00, 0x00, 0x00, 0x00, 0x00, 0x00, 0x00, 0x00,
    0x03, 0x00, 0x00, 0x00, 0x3C, 0x1F, 0x00, 0x00, 0x00, 0x00, 0x00, 0x00, 0x00, 0x00, 0x00, 0x00,
    0xFF, 0xFF, 0x00, 0x00, 0x14, 0x04, 0x00, 0x00, 0x01, 0x00, 0x00, 0x00, 0x30, 0x1F, 0x00, 0x00,
    0x00, 0x00, 0x00, 0x00, 0x00, 0x00, 0x00, 0x00, 0x01, 0x00, 0x00, 0x00, 0x24, 0x1F, 0x00, 0x00,
    0xFF, 0xFF, 0x00, 0x00, 0x01, 0x00, 0x00, 0x00, 0x1C, 0x1F, 0x00, 0x00, 0x14, 0x04, 0x00, 0x00,
    0x01, 0x00, 0x00, 0x00, 0x14, 0x1F, 0x00, 0x00, 0x00, 0x00, 0x00, 0x00, 0x00, 0x00, 0x00, 0x00,
    0x01, 0x00, 0x00, 0x00, 0x08, 0x1F, 0x00, 0x00, 0xFF, 0xFF, 0x00, 0x00, 0x01, 0x00, 0x00, 0x00,
    0x00, 0x1F, 0x00, 0x00, 0x14, 0x04, 0x00, 0x00, 0x01, 0x00, 0x00, 0x00, 0xF8, 0x1E, 0x00, 0x00,
    0x00, 0x00, 0x00, 0x00, 0x00, 0x00, 0x00, 0x00, 0x01, 0x00, 0x00, 0x00, 0xEC, 0x1E, 0x00, 0x00,
    0xFF, 0xFF, 0x00, 0x00, 0x01, 0x00, 0x00, 0x00, 0xE4, 0x1E, 0x00, 0x00, 0xF5, 0x03, 0x00, 0x00,
    0x01, 0x00, 0x00, 0x00, 0xDC, 0x1E, 0x00, 0x00, 0x00, 0x00, 0x00, 0x00, 0x00, 0x00, 0x00, 0x00,
    0x01, 0x00, 0x00, 0x00, 0xD0, 0x1E, 0x00, 0x00, 0xFF, 0xFF, 0x00, 0x00, 0x10, 0x00, 0x00, 0x00,
    0x14, 0x04, 0x00, 0x00, 0x01, 0x00, 0x00, 0x00, 0xC0, 0x1E, 0x00, 0x00, 0x00, 0x00, 0x00, 0x00,
    0x00, 0x00, 0x00, 0x00, 0x01, 0x00, 0x00, 0x00, 0xB4, 0x1E, 0x00, 0x00, 0xFF, 0xFF, 0x00, 0x00,
    0x01, 0x00, 0x00, 0x00, 0xAC, 0x1E, 0x00, 0x00, 0x14, 0x04, 0x00, 0x00, 0x01, 0x00, 0x00, 0x00,
    0xA4, 0x1E, 0x00, 0x00, 0x00, 0x00, 0x00, 0x00, 0x00, 0x00, 0x00, 0x00, 0x01, 0x00, 0x00, 0x00,
    0x98, 0x1E, 0x00, 0x00, 0xFF, 0xFF, 0x00, 0x00, 0x01, 0x00, 0x00, 0x00, 0x90, 0x1E, 0x00, 0x00,
    0xF5, 0x03, 0x00, 0x00, 0x01, 0x00, 0x00, 0x00, 0x88, 0x1E, 0x00, 0x00, 0x00, 0x00, 0x00, 0x00,
    0x00, 0x00, 0x00, 0x00, 0x01, 0x00, 0x00, 0x00, 0x7C, 0x1E, 0x00, 0x00, 0xFF, 0xFF, 0x00, 0x00,
    0x15, 0x00, 0x00, 0x00, 0xF5, 0x03, 0x00, 0x00, 0x01, 0x00, 0x00, 0x00, 0x6C, 0x1E, 0x00, 0x00,
    0x00, 0x00, 0x00, 0x00, 0x00, 0x00, 0x00, 0x00, 0x01, 0x00, 0x00, 0x00, 0x60, 0x1E, 0x00, 0x00,
    0xFF, 0xFF, 0x00, 0x00, 0x11, 0x00, 0x00, 0x00, 0xF5, 0x03, 0x00, 0x00, 0x01, 0x00, 0x00, 0x00,
    0x50, 0x1E, 0x00, 0x00, 0x00, 0x00, 0x00, 0x00, 0x00, 0x00, 0x00, 0x00, 0x01, 0x00, 0x00, 0x00,
    0x44, 0x1E, 0x00, 0x00, 0xFF, 0xFF, 0x00, 0x00, 0x13, 0x00, 0x00, 0x00, 0xED, 0x03, 0x00, 0x00,
    0x00, 0x00, 0x00, 0x00, 0x00, 0x00, 0x00, 0x00, 0x01, 0x00, 0x00, 0x00, 0x2C, 0x1E, 0x00, 0x00,
    0x02, 0x00, 0x00, 0x00, 0x28, 0x1E, 0x00, 0x00, 0xFF, 0xFF, 0x00, 0x00, 0xF2, 0x03, 0x00, 0x00,
    0x01, 0x00, 0x00, 0x00, 0x20, 0x1E, 0x00, 0x00, 0x01, 0x00, 0x00, 0x00, 0x1C, 0x1E, 0x00, 0x00,
    0x03, 0x00, 0x00, 0x00, 0x18, 0x1E, 0x00, 0x00, 0xFF, 0xFF, 0x00, 0x00, 0x14, 0x04, 0x00, 0x00,
    0x01, 0x00, 0x00, 0x00, 0x14, 0x1E, 0x00, 0x00, 0x00, 0x00, 0x00, 0x00, 0x00, 0x00, 0x00, 0x00,
    0x01, 0x00, 0x00, 0x00, 0x08, 0x1E, 0x00, 0x00, 0xFF, 0xFF, 0x00, 0x00, 0x01, 0x00, 0x00, 0x00,
    0x00, 0x1E, 0x00, 0x00, 0x32, 0x75, 0x00, 0x00, 0x00, 0x00, 0x00, 0x00, 0x00, 0x00, 0x00, 0x00,
    0x03, 0x00, 0x00, 0x00, 0xF0, 0x1D, 0x00, 0x00, 0x00, 0x00, 0x00, 0x00, 0x00, 0x00, 0x00, 0x00,
    0xFF, 0xFF, 0x00, 0x00, 0x31, 0x75, 0x00, 0x00, 0x00, 0x00, 0x00, 0x00, 0x00, 0x00, 0x00, 0x00,
    0x03, 0x00, 0x00, 0x00, 0xDC, 0x1D, 0x00, 0x00, 0x00, 0x00, 0x00, 0x00, 0x00, 0x00, 0x00, 0x00,
    0xFF, 0xFF, 0x00, 0x00, 0x36, 0x75, 0x00, 0x00, 0x00, 0x00, 0x00, 0x00, 0x00, 0x00, 0x00, 0x00,
    0x03, 0x00, 0x00, 0x00, 0xC8, 0x1D, 0x00, 0x00, 0x01, 0x00, 0x00, 0x00, 0xCC, 0x1D, 0x00, 0x00,
    0xFF, 0xFF, 0x00, 0x00, 0x32, 0x75, 0x00, 0x00, 0x00, 0x00, 0x00, 0x00, 0x00, 0x00, 0x00, 0x00,
    0x03, 0x00, 0x00, 0x00, 0xB8, 0x1D, 0x00, 0x00, 0x00, 0x00, 0x00, 0x00, 0x00, 0x00, 0x00, 0x00,
    0xFF, 0xFF, 0x00, 0x00, 0x34, 0x75, 0x00, 0x00, 0x00, 0x00, 0x00, 0x00, 0x00, 0x00, 0x00, 0x00,
    0x03, 0x00, 0x00, 0x00, 0xA4, 0x1D, 0x00, 0x00, 0x00, 0x00, 0x00, 0x00, 0x00, 0x00, 0x00, 0x00,
    0xFF, 0xFF, 0x00, 0x00, 0x3A, 0x75, 0x00, 0x00, 0x00, 0x00, 0x00, 0x00, 0x00, 0x00, 0x00, 0x00,
    0x03, 0x00, 0x00, 0x00, 0x90, 0x1D, 0x00, 0x00, 0x00, 0x00, 0x00, 0x00, 0x00, 0x00, 0x00, 0x00,
    0xFF, 0xFF, 0x00, 0x00, 0x32, 0x75, 0x00, 0x00, 0x00, 0x00, 0x00, 0x00, 0x00, 0x00, 0x00, 0x00,
    0x03, 0x00, 0x00, 0x00, 0x7C, 0x1D, 0x00, 0x00, 0x00, 0x00, 0x00, 0x00, 0x00, 0x00, 0x00, 0x00,
    0xFF, 0xFF, 0x00, 0x00, 0x36, 0x75, 0x00, 0x00, 0x00, 0x00, 0x00, 0x00, 0x00, 0x00, 0x00, 0x00,
    0x03, 0x00, 0x00, 0x00, 0x68, 0x1D, 0x00, 0x00, 0x01, 0x00, 0x00, 0x00, 0x6C, 0x1D, 0x00, 0x00,
    0xFF, 0xFF, 0x00, 0x00, 0x32, 0x75, 0x00, 0x00, 0x00, 0x00, 0x00, 0x00, 0x00, 0x00, 0x00, 0x00,
    0x04, 0x00, 0x00, 0x00, 0x58, 0x1D, 0x00, 0x00, 0x00, 0x00, 0x00, 0x00, 0x00, 0x00, 0x00, 0x00,
    0xFF, 0xFF, 0x00, 0x00, 0x36, 0x75, 0x00, 0x00, 0x00, 0x00, 0x00, 0x00, 0x00, 0x00, 0x00, 0x00,
    0x03, 0x00, 0x00, 0x00, 0x48, 0x1D, 0x00, 0x00, 0x02, 0x00, 0x00, 0x00, 0x4C, 0x1D, 0x00, 0x00,
    0xFF, 0xFF, 0x00, 0x00, 0x32, 0x75, 0x00, 0x00, 0x00, 0x00, 0x00, 0x00, 0x00, 0x00, 0x00, 0x00,
    0x03, 0x00, 0x00, 0x00, 0x3C, 0x1D, 0x00, 0x00, 0x00, 0x00, 0x00, 0x00, 0x00, 0x00, 0x00, 0x00,
    0xFF, 0xFF, 0x00, 0x00, 0x36, 0x75, 0x00, 0x00, 0x00, 0x00, 0x00, 0x00, 0x00, 0x00, 0x00, 0x00,
    0x03, 0x00, 0x00, 0x00, 0x28, 0x1D, 0x00, 0x00, 0x02, 0x00, 0x00, 0x00, 0x2C, 0x1D, 0x00, 0x00,
    0xFF, 0xFF, 0x00, 0x00, 0x32, 0x75, 0x00, 0x00, 0x00, 0x00, 0x00, 0x00, 0x00, 0x00, 0x00, 0x00,
    0x03, 0x00, 0x00, 0x00, 0x1C, 0x1D, 0x00, 0x00, 0x00, 0x00, 0x00, 0x00, 0x00, 0x00, 0x00, 0x00,
    0xFF, 0xFF, 0x00, 0x00, 0x3A, 0x75, 0x00, 0x00, 0x00, 0x00, 0x00, 0x00, 0x00, 0x00, 0x00, 0x00,
    0x03, 0x00, 0x00, 0x00, 0x08, 0x1D, 0x00, 0x00, 0x00, 0x00, 0x00, 0x00, 0x00, 0x00, 0x00, 0x00,
    0xFF, 0xFF, 0x00, 0x00, 0x3B, 0x75, 0x00, 0x00, 0x00, 0x00, 0x00, 0x00, 0x00, 0x00, 0x00, 0x00,
    0x04, 0x00, 0x00, 0x00, 0xF4, 0x1C, 0x00, 0x00, 0x00, 0x00, 0x00, 0x00, 0x00, 0x00, 0x00, 0x00,
    0xFF, 0xFF, 0x00, 0x00, 0x32, 0x75, 0x00, 0x00, 0x00, 0x00, 0x00, 0x00, 0x00, 0x00, 0x00, 0x00,
    0x03, 0x00, 0x00, 0x00, 0xE4, 0x1C, 0x00, 0x00, 0x00, 0x00, 0x00, 0x00, 0x00, 0x00, 0x00, 0x00,
    0xFF, 0xFF, 0x00, 0x00, 0x3A, 0x75, 0x00, 0x00, 0x00, 0x00, 0x00, 0x00, 0x00, 0x00, 0x00, 0x00,
    0x03, 0x00, 0x00, 0x00, 0xD0, 0x1C, 0x00, 0x00, 0x00, 0x00, 0x00, 0x00, 0x00, 0x00, 0x00, 0x00,
    0xFF, 0xFF, 0x00, 0x00, 0x32, 0x75, 0x00, 0x00, 0x00, 0x00, 0x00, 0x00, 0x00, 0x00, 0x00, 0x00,
    0x03, 0x00, 0x00, 0x00, 0xBC, 0x1C, 0x00, 0x00, 0x00, 0x00, 0x00, 0x00, 0x00, 0x00, 0x00, 0x00,
    0xFF, 0xFF, 0x00, 0x00, 0x36, 0x75, 0x00, 0x00, 0x00, 0x00, 0x00, 0x00, 0x00, 0x00, 0x00, 0x00,
    0x03, 0x00, 0x00, 0x00, 0xA8, 0x1C, 0x00, 0x00, 0x01, 0x00, 0x00, 0x00, 0xAC, 0x1C, 0x00, 0x00,
    0xFF, 0xFF, 0x00, 0x00, 0x32, 0x75, 0x00, 0x00, 0x00, 0x00, 0x00, 0x00, 0x00, 0x00, 0x00, 0x00,
    0x04, 0x00, 0x00, 0x00, 0x98, 0x1C, 0x00, 0x00, 0x00, 0x00, 0x00, 0x00, 0x00, 0x00, 0x00, 0x00,
    0xFF, 0xFF, 0x00, 0x00, 0x36, 0x75, 0x00, 0x00, 0x00, 0x00, 0x00, 0x00, 0x00, 0x00, 0x00, 0x00,
    0x03, 0x00, 0x00, 0x00, 0x88, 0x1C, 0x00, 0x00, 0x02, 0x00, 0x00, 0x00, 0x8C, 0x1C, 0x00, 0x00,
    0xFF, 0xFF, 0x00, 0x00, 0x32, 0x75, 0x00, 0x00, 0x00, 0x00, 0x00, 0x00, 0x00, 0x00, 0x00, 0x00,
    0x03, 0x00, 0x00, 0x00, 0x7C, 0x1C, 0x00, 0x00, 0x00, 0x00, 0x00, 0x00, 0x00, 0x00, 0x00, 0x00,
    0xFF, 0xFF, 0x00, 0x00, 0x36, 0x75, 0x00, 0x00, 0x00, 0x00, 0x00, 0x00, 0x00, 0x00, 0x00, 0x00,
    0x03, 0x00, 0x00, 0x00, 0x68, 0x1C, 0x00, 0x00, 0x02, 0x00, 0x00, 0x00, 0x6C, 0x1C, 0x00, 0x00,
    0xFF, 0xFF, 0x00, 0x00, 0x32, 0x75, 0x00, 0x00, 0x00, 0x00, 0x00, 0x00, 0x00, 0x00, 0x00, 0x00,
    0x03, 0x00, 0x00, 0x00, 0x5C, 0x1C, 0x00, 0x00, 0x00, 0x00, 0x00, 0x00, 0x00, 0x00, 0x00, 0x00,
    0xFF, 0xFF, 0x00, 0x00, 0x3A, 0x75, 0x00, 0x00, 0x00, 0x00, 0x00, 0x00, 0x00, 0x00, 0x00, 0x00,
    0x03, 0x00, 0x00, 0x00, 0x48, 0x1C, 0x00, 0x00, 0x00, 0x00, 0x00, 0x00, 0x00, 0x00, 0x00, 0x00,
    0xFF, 0xFF, 0x00, 0x00, 0x3B, 0x75, 0x00, 0x00, 0x00, 0x00, 0x00, 0x00, 0x00, 0x00, 0x00, 0x00,
    0x04, 0x00, 0x00, 0x00, 0x34, 0x1C, 0x00, 0x00, 0x00, 0x00, 0x00, 0x00, 0x00, 0x00, 0x00, 0x00,
    0xFF, 0xFF, 0x00, 0x00, 0x32, 0x75, 0x00, 0x00, 0x00, 0x00, 0x00, 0x00, 0x00, 0x00, 0x00, 0x00,
    0x03, 0x00, 0x00, 0x00, 0x24, 0x1C, 0x00, 0x00, 0x00, 0x00, 0x00, 0x00, 0x00, 0x00, 0x00, 0x00,
    0xFF, 0xFF, 0x00, 0x00, 0x34, 0x75, 0x00, 0x00, 0x00, 0x00, 0x00, 0x00, 0x00, 0x00, 0x00, 0x00,
    0x03, 0x00, 0x00, 0x00, 0x10, 0x1C, 0x00, 0x00, 0x00, 0x00, 0x00, 0x00, 0x00, 0x00, 0x00, 0x00,
    0xFF, 0xFF, 0x00, 0x00, 0x3A, 0x75, 0x00, 0x00, 0x00, 0x00, 0x00, 0x00, 0x00, 0x00, 0x00, 0x00,
    0x03, 0x00, 0x00, 0x00, 0xFC, 0x1B, 0x00, 0x00, 0x00, 0x00, 0x00, 0x00, 0x00, 0x00, 0x00, 0x00,
    0xFF, 0xFF, 0x00, 0x00, 0x32, 0x75, 0x00, 0x00, 0x00, 0x00, 0x00, 0x00, 0x00, 0x00, 0x00, 0x00,
    0x03, 0x00, 0x00, 0x00, 0xE8, 0x1B, 0x00, 0x00, 0x00, 0x00, 0x00, 0x00, 0x00, 0x00, 0x00, 0x00,
    0xFF, 0xFF, 0x00, 0x00, 0x39, 0x75, 0x00, 0x00, 0x00, 0x00, 0x00, 0x00, 0x00, 0x00, 0x00, 0x00,
    0x04, 0x00, 0x00, 0x00, 0xD4, 0x1B, 0x00, 0x00, 0x00, 0x00, 0x00, 0x00, 0x00, 0x00, 0x00, 0x00,
    0xFF, 0xFF, 0x00, 0x00, 0x3A, 0x75, 0x00, 0x00, 0x00, 0x00, 0x00, 0x00, 0x00, 0x00, 0x00, 0x00,
    0x03, 0x00, 0x00, 0x00, 0xC4, 0x1B, 0x00, 0x00, 0x00, 0x00, 0x00, 0x00, 0x00, 0x00, 0x00, 0x00,
    0xFF, 0xFF, 0x00, 0x00, 0x32, 0x75, 0x00, 0x00, 0x00, 0x00, 0x00, 0x00, 0x00, 0x00, 0x00, 0x00,
    0x03, 0x00, 0x00, 0x00, 0xB0, 0x1B, 0x00, 0x00, 0x00, 0x00, 0x00, 0x00, 0x00, 0x00, 0x00, 0x00,
    0xFF, 0xFF, 0x00, 0x00, 0x39, 0x75, 0x00, 0x00, 0x00, 0x00, 0x00, 0x00, 0x00, 0x00, 0x00, 0x00,
    0x04, 0x00, 0x00, 0x00, 0x9C, 0x1B, 0x00, 0x00, 0x01, 0x00, 0x00, 0x00, 0xA4, 0x1B, 0x00, 0x00,
    0xFF, 0xFF, 0x00, 0x00, 0x3A, 0x75, 0x00, 0x00, 0x00, 0x00, 0x00, 0x00, 0x00, 0x00, 0x00, 0x00,
    0x03, 0x00, 0x00, 0x00, 0x90, 0x1B, 0x00, 0x00, 0x00, 0x00, 0x00, 0x00, 0x00, 0x00, 0x00, 0x00,
    0xFF, 0xFF, 0x00, 0x00, 0x32, 0x75, 0x00, 0x00, 0x00, 0x00, 0x00, 0x00, 0x00, 0x00, 0x00, 0x00,
    0x03, 0x00, 0x00, 0x00, 0x7C, 0x1B, 0x00, 0x00, 0x00, 0x00, 0x00, 0x00, 0x00, 0x00, 0x00, 0x00,
    0xFF, 0xFF, 0x00, 0x00, 0x39, 0x75, 0x00, 0x00, 0x00, 0x00, 0x00, 0x00, 0x00, 0x00, 0x00, 0x00,
    0x04, 0x00, 0x00, 0x00, 0x68, 0x1B, 0x00, 0x00, 0x00, 0x00, 0x00, 0x00, 0x00, 0x00, 0x00, 0x00,
    0xFF, 0xFF, 0x00, 0x00, 0x3A, 0x75, 0x00, 0x00, 0x00, 0x00, 0x00, 0x00, 0x00, 0x00, 0x00, 0x00,
    0x03, 0x00, 0x00, 0x00, 0x58, 0x1B, 0x00, 0x00, 0x00, 0x00, 0x00, 0x00, 0x00, 0x00, 0x00, 0x00,
    0xFF, 0xFF, 0x00, 0x00, 0x32, 0x75, 0x00, 0x00, 0x00, 0x00, 0x00, 0x00, 0x00, 0x00, 0x00, 0x00,
    0x03, 0x00, 0x00, 0x00, 0x44, 0x1B, 0x00, 0x00, 0x00, 0x00, 0x00, 0x00, 0x00, 0x00, 0x00, 0x00,
    0xFF, 0xFF, 0x00, 0x00, 0x39, 0x75, 0x00, 0x00, 0x00, 0x00, 0x00, 0x00, 0x00, 0x00, 0x00, 0x00,
    0x04, 0x00, 0x00, 0x00, 0x30, 0x1B, 0x00, 0x00, 0x00, 0x00, 0x00, 0x00, 0x00, 0x00, 0x00, 0x00,
    0xFF, 0xFF, 0x00, 0x00, 0x36, 0x75, 0x00, 0x00, 0x00, 0x00, 0x00, 0x00, 0x00, 0x00, 0x00, 0x00,
    0x03, 0x00, 0x00, 0x00, 0x20, 0x1B, 0x00, 0x00, 0x01, 0x00, 0x00, 0x00, 0x24, 0x1B, 0x00, 0x00,
    0xFF, 0xFF, 0x00, 0x00, 0x32, 0x75, 0x00, 0x00, 0x00, 0x00, 0x00, 0x00, 0x00, 0x00, 0x00, 0x00,
    0x03, 0x00, 0x00, 0x00, 0x10, 0x1B, 0x00, 0x00, 0x00, 0x00, 0x00, 0x00, 0x00, 0x00, 0x00, 0x00,
    0xFF, 0xFF, 0x00, 0x00, 0x3A, 0x75, 0x00, 0x00, 0x00, 0x00, 0x00, 0x00, 0x00, 0x00, 0x00, 0x00,
    0x03, 0x00, 0x00, 0x00, 0xFC, 0x1A, 0x00, 0x00, 0x00, 0x00, 0x00, 0x00, 0x00, 0x00, 0x00, 0x00,
    0xFF, 0xFF, 0x00, 0x00, 0x32, 0x75, 0x00, 0x00, 0x00, 0x00, 0x00, 0x00, 0x00, 0x00, 0x00, 0x00,
    0x03, 0x00, 0x00, 0x00, 0xE8, 0x1A, 0x00, 0x00, 0x00, 0x00, 0x00, 0x00, 0x00, 0x00, 0x00, 0x00,
    0xFF, 0xFF, 0x00, 0x00, 0x39, 0x75, 0x00, 0x00, 0x00, 0x00, 0x00, 0x00, 0x00, 0x00, 0x00, 0x00,
    0x04, 0x00, 0x00, 0x00, 0xD4, 0x1A, 0x00, 0x00, 0x01, 0x00, 0x00, 0x00, 0xDC, 0x1A, 0x00, 0x00,
    0xFF, 0xFF, 0x00, 0x00, 0x3A, 0x75, 0x00, 0x00, 0x00, 0x00, 0x00, 0x00, 0x00, 0x00, 0x00, 0x00,
    0x03, 0x00, 0x00, 0x00, 0xC8, 0x1A, 0x00, 0x00, 0x00, 0x00, 0x00, 0x00, 0x00, 0x00, 0x00, 0x00,
    0xFF, 0xFF, 0x00, 0x00, 0x32, 0x75, 0x00, 0x00, 0x00, 0x00, 0x00, 0x00, 0x00, 0x00, 0x00, 0x00,
    0x03, 0x00, 0x00, 0x00, 0xB4, 0x1A, 0x00, 0x00, 0x00, 0x00, 0x00, 0x00, 0x00, 0x00, 0x00, 0x00,
    0xFF, 0xFF, 0x00, 0x00, 0x39, 0x75, 0x00, 0x00, 0x00, 0x00, 0x00, 0x00, 0x00, 0x00, 0x00, 0x00,
    0x04, 0x00, 0x00, 0x00, 0xA0, 0x1A, 0x00, 0x00, 0x01, 0x00, 0x00, 0x00, 0xA8, 0x1A, 0x00, 0x00,
    0xFF, 0xFF, 0x00, 0x00, 0x3A, 0x75, 0x00, 0x00, 0x00, 0x00, 0x00, 0x00, 0x00, 0x00, 0x00, 0x00,
    0x03, 0x00, 0x00, 0x00, 0x94, 0x1A, 0x00, 0x00, 0x00, 0x00, 0x00, 0x00, 0x00, 0x00, 0x00, 0x00,
    0xFF, 0xFF, 0x00, 0x00, 0x32, 0x75, 0x00, 0x00, 0x00, 0x00, 0x00, 0x00, 0x00, 0x00, 0x00, 0x00,
    0x03, 0x00, 0x00, 0x00, 0x80, 0x1A, 0x00, 0x00, 0x00, 0x00, 0x00, 0x00, 0x00, 0x00, 0x00, 0x00,
    0xFF, 0xFF, 0x00, 0x00, 0x39, 0x75, 0x00, 0x00, 0x00, 0x00, 0x00, 0x00, 0x00, 0x00, 0x00, 0x00,
    0x04, 0x00, 0x00, 0x00, 0x6C, 0x1A, 0x00, 0x00, 0x01, 0x00, 0x00, 0x00, 0x74, 0x1A, 0x00, 0x00,
    0xFF, 0xFF, 0x00, 0x00, 0x38, 0x75, 0x00, 0x00, 0x00, 0x00, 0x00, 0x00, 0x00, 0x00, 0x00, 0x00,
    0x03, 0x00, 0x00, 0x00, 0x60, 0x1A, 0x00, 0x00, 0x01, 0x00, 0x00, 0x00, 0x64, 0x1A, 0x00, 0x00,
    0xFF, 0xFF, 0x00, 0x00, 0x14, 0x04, 0x00, 0x00, 0x01, 0x00, 0x00, 0x00, 0x58, 0x1A, 0x00, 0x00,
    0x00, 0x00, 0x00, 0x00, 0x00, 0x00, 0x00, 0x00, 0x01, 0x00, 0x00, 0x00, 0x4C, 0x1A, 0x00, 0x00,
    0xFF, 0xFF, 0x00, 0x00, 0x01, 0x00, 0x00, 0x00, 0x44, 0x1A, 0x00, 0x00, 0xEF, 0x03, 0x00, 0x00,
    0x01, 0x00, 0x00, 0x00, 0x3C, 0x1A, 0x00, 0x00, 0x00, 0x00, 0x00, 0x00, 0x00, 0x00, 0x00, 0x00,
    0x01, 0x00, 0x00, 0x00, 0x30, 0x1A, 0x00, 0x00, 0xFF, 0xFF, 0x00, 0x00, 0x01, 0x00, 0x00, 0x00,
    0x28, 0x1A, 0x00, 0x00, 0xEF, 0x03, 0x00, 0x00, 0x01, 0x00, 0x00, 0x00, 0x20, 0x1A, 0x00, 0x00,
    0x00, 0x00, 0x00, 0x00, 0x00, 0x00, 0x00, 0x00, 0x01, 0x00, 0x00, 0x00, 0x14, 0x1A, 0x00, 0x00,
    0xFF, 0xFF, 0x00, 0x00, 0x01, 0x00, 0x00, 0x00, 0x0C, 0x1A, 0x00, 0x00, 0xEF, 0x03, 0x00, 0x00,
    0x01, 0x00, 0x00, 0x00, 0x04, 0x1A, 0x00, 0x00, 0x00, 0x00, 0x00, 0x00, 0x00, 0x00, 0x00, 0x00,
    0x01, 0x00, 0x00, 0x00, 0xF8, 0x19, 0x00, 0x00, 0xFF, 0xFF, 0x00, 0x00, 0x01, 0x00, 0x00, 0x00,
    0xF0, 0x19, 0x00, 0x00, 0xEF, 0x03, 0x00, 0x00, 0x01, 0x00, 0x00, 0x00, 0xE8, 0x19, 0x00, 0x00,
    0x00, 0x00, 0x00, 0x00, 0x00, 0x00, 0x00, 0x00, 0x01, 0x00, 0x00, 0x00, 0xDC, 0x19, 0x00, 0x00,
    0xFF, 0xFF, 0x00, 0x00, 0x01, 0x00, 0x00, 0x00, 0xD4, 0x19, 0x00, 0x00, 0xEF, 0x03, 0x00, 0x00,
    0x01, 0x00, 0x00, 0x00, 0xCC, 0x19, 0x00, 0x00, 0x00, 0x00, 0x00, 0x00, 0x00, 0x00, 0x00, 0x00,
    0x01, 0x00, 0x00, 0x00, 0xC0, 0x19, 0x00, 0x00, 0xFF, 0xFF, 0x00, 0x00, 0x01, 0x00, 0x00, 0x00,
    0xB8, 0x19, 0x00, 0x00, 0xEF, 0x03, 0x00, 0x00, 0x01, 0x00, 0x00, 0x00, 0xB0, 0x19, 0x00, 0x00,
    0x00, 0x00, 0x00, 0x00, 0x00, 0x00, 0x00, 0x00, 0x01, 0x00, 0x00, 0x00, 0xA4, 0x19, 0x00, 0x00,
    0xFF, 0xFF, 0x00, 0x00, 0x01, 0x00, 0x00, 0x00, 0x9C, 0x19, 0x00, 0x00, 0xED, 0x03, 0x00, 0x00,
    0x00, 0x00, 0x00, 0x00, 0x00, 0x00, 0x00, 0x00, 0x01, 0x00, 0x00, 0x00, 0x8C, 0x19, 0x00, 0x00,
    0x02, 0x00, 0x00, 0x00, 0x88, 0x19, 0x00, 0x00, 0xFF, 0xFF, 0x00, 0x00, 0xED, 0x03, 0x00, 0x00,
    0x00, 0x00, 0x00, 0x00, 0x00, 0x00, 0x00, 0x00, 0x01, 0x00, 0x00, 0x00, 0x78, 0x19, 0x00, 0x00,
    0x02, 0x00, 0x00, 0x00, 0x74, 0x19, 0x00, 0x00, 0xFF, 0xFF, 0x00, 0x00, 0xED, 0x03, 0x00, 0x00,
    0x00, 0x00, 0x00, 0x00, 0x00, 0x00, 0x00, 0x00, 0x01, 0x00, 0x00, 0x00, 0x64, 0x19, 0x00, 0x00,
    0x02, 0x00, 0x00, 0x00, 0x60, 0x19, 0x00, 0x00, 0xFF, 0xFF, 0x00, 0x00, 0xEF, 0x03, 0x00, 0x00,
    0x01, 0x00, 0x00, 0x00, 0x58, 0x19, 0x00, 0x00, 0x00, 0x00, 0x00, 0x00, 0x00, 0x00, 0x00, 0x00,
    0x01, 0x00, 0x00, 0x00, 0x4C, 0x19, 0x00, 0x00, 0xFF, 0xFF, 0x00, 0x00, 0x01, 0x00, 0x00, 0x00,
    0x44, 0x19, 0x00, 0x00, 0xED, 0x03, 0x00, 0x00, 0x00, 0x00, 0x00, 0x00, 0x00, 0x00, 0x00, 0x00,
    0x01, 0x00, 0x00, 0x00, 0x34, 0x19, 0x00, 0x00, 0x02, 0x00, 0x00, 0x00, 0x30, 0x19, 0x00, 0x00,
    0xFF, 0xFF, 0x00, 0x00, 0xEF, 0x03, 0x00, 0x00, 0x01, 0x00, 0x00, 0x00, 0x28, 0x19, 0x00, 0x00,
    0x00, 0x00, 0x00, 0x00, 0x00, 0x00, 0x00, 0x00, 0x01, 0x00, 0x00, 0x00, 0x1C, 0x19, 0x00, 0x00,
    0xFF, 0xFF, 0x00, 0x00, 0x01, 0x00, 0x00, 0x00, 0x14, 0x19, 0x00, 0x00, 0xED, 0x03, 0x00, 0x00,
    0x00, 0x00, 0x00, 0x00, 0x00, 0x00, 0x00, 0x00, 0x01, 0x00, 0x00, 0x00, 0x04, 0x19, 0x00, 0x00,
    0x02, 0x00, 0x00, 0x00, 0x00, 0x19, 0x00, 0x00, 0xFF, 0xFF, 0x00, 0x00, 0x14, 0x04, 0x00, 0x00,
    0x01, 0x00, 0x00, 0x00, 0xF8, 0x18, 0x00, 0x00, 0x00, 0x00, 0x00, 0x00, 0x00, 0x00, 0x00, 0x00,
    0x01, 0x00, 0x00, 0x00, 0xEC, 0x18, 0x00, 0x00, 0xFF, 0xFF, 0x00, 0x00, 0x01, 0x00, 0x00, 0x00,
    0xE4, 0x18, 0x00, 0x00, 0xEF, 0x03, 0x00, 0x00, 0x01, 0x00, 0x00, 0x00, 0xDC, 0x18, 0x00, 0x00,
    0x00, 0x00, 0x00, 0x00, 0x00, 0x00, 0x00, 0x00, 0x01, 0x00, 0x00, 0x00, 0xD0, 0x18, 0x00, 0x00,
    0xFF, 0xFF, 0x00, 0x00, 0x01, 0x00, 0x00, 0x00, 0xC8, 0x18, 0x00, 0x00, 0x14, 0x04, 0x00, 0x00,
    0x01, 0x00, 0x00, 0x00, 0xC0, 0x18, 0x00, 0x00, 0x00, 0x00, 0x00, 0x00, 0x00, 0x00, 0x00, 0x00,
    0x01, 0x00, 0x00, 0x00, 0xB4, 0x18, 0x00, 0x00, 0xFF, 0xFF, 0x00, 0x00, 0x01, 0x00, 0x00, 0x00,
    0xAC, 0x18, 0x00, 0x00, 0xEF, 0x03, 0x00, 0x00, 0x01, 0x00, 0x00, 0x00, 0xA4, 0x18, 0x00, 0x00,
    0x00, 0x00, 0x00, 0x00, 0x00, 0x00, 0x00, 0x00, 0x01, 0x00, 0x00, 0x00, 0x98, 0x18, 0x00, 0x00,
    0xFF, 0xFF, 0x00, 0x00, 0x01, 0x00, 0x00, 0x00, 0x90, 0x18, 0x00, 0x00, 0xED, 0x03, 0x00, 0x00,
    0x00, 0x00, 0x00, 0x00, 0x00, 0x00, 0x00, 0x00, 0x01, 0x00, 0x00, 0x00, 0x80, 0x18, 0x00, 0x00,
    0x02, 0x00, 0x00, 0x00, 0x7C, 0x18, 0x00, 0x00, 0xFF, 0xFF, 0x00, 0x00, 0x14, 0x04, 0x00, 0x00,
    0x01, 0x00, 0x00, 0x00, 0x74, 0x18, 0x00, 0x00, 0x00, 0x00, 0x00, 0x00, 0x00, 0x00, 0x00, 0x00,
    0x01, 0x00, 0x00, 0x00, 0x68, 0x18, 0x00, 0x00, 0xFF, 0xFF, 0x00, 0x00, 0x01, 0x00, 0x00, 0x00,
    0x60, 0x18, 0x00, 0x00, 0xEF, 0x03, 0x00, 0x00, 0x01, 0x00, 0x00, 0x00, 0x58, 0x18, 0x00, 0x00,
    0x00, 0x00, 0x00, 0x00, 0x00, 0x00, 0x00, 0x00, 0x01, 0x00, 0x00, 0x00, 0x4C, 0x18, 0x00, 0x00,
    0xFF, 0xFF, 0x00, 0x00, 0x01, 0x00, 0x00, 0x00, 0x44, 0x18, 0x00, 0x00, 0x14, 0x04, 0x00, 0x00,
    0x01, 0x00, 0x00, 0x00, 0x3C, 0x18, 0x00, 0x00, 0x00, 0x00, 0x00, 0x00, 0x00, 0x00, 0x00, 0x00,
    0x01, 0x00, 0x00, 0x00, 0x30, 0x18, 0x00, 0x00, 0xFF, 0xFF, 0x00, 0x00, 0x01, 0x00, 0x00, 0x00,
    0x28, 0x18, 0x00, 0x00, 0xEF, 0x03, 0x00, 0x00, 0x01, 0x00, 0x00, 0x00, 0x20, 0x18, 0x00, 0x00,
    0x00, 0x00, 0x00, 0x00, 0x00, 0x00, 0x00, 0x00, 0x01, 0x00, 0x00, 0x00, 0x14, 0x18, 0x00, 0x00,
    0xFF, 0xFF, 0x00, 0x00, 0x01, 0x00, 0x00, 0x00, 0x0C, 0x18, 0x00, 0x00, 0xED, 0x03, 0x00, 0x00,
    0x00, 0x00, 0x00, 0x00, 0x00, 0x00, 0x00, 0x00, 0x01, 0x00, 0x00, 0x00, 0xFC, 0x17, 0x00, 0x00,
    0x02, 0x00, 0x00, 0x00, 0xF8, 0x17, 0x00, 0x00, 0xFF, 0xFF, 0x00, 0x00, 0x14, 0x04, 0x00, 0x00,
    0x01, 0x00, 0x00, 0x00, 0xF0, 0x17, 0x00, 0x00, 0x00, 0x00, 0x00, 0x00, 0x00, 0x00, 0x00, 0x00,
    0x01, 0x00, 0x00, 0x00, 0xE4, 0x17, 0x00, 0x00, 0xFF, 0xFF, 0x00, 0x00, 0x01, 0x00, 0x00, 0x00,
    0xDC, 0x17, 0x00, 0x00, 0xEF, 0x03, 0x00, 0x00, 0x01, 0x00, 0x00, 0x00, 0xD4, 0x17, 0x00, 0x00,
    0x00, 0x00, 0x00, 0x00, 0x00, 0x00, 0x00, 0x00, 0x01, 0x00, 0x00, 0x00, 0xC8, 0x17, 0x00, 0x00,
    0xFF, 0xFF, 0x00, 0x00, 0x01, 0x00, 0x00, 0x00, 0xC0, 0x17, 0x00, 0x00, 0x14, 0x04, 0x00, 0x00,
    0x01, 0x00, 0x00, 0x00, 0xB8, 0x17, 0x00, 0x00, 0x00, 0x00, 0x00, 0x00, 0x00, 0x00, 0x00, 0x00,
    0x01, 0x00, 0x00, 0x00, 0xAC, 0x17, 0x00, 0x00, 0xFF, 0xFF, 0x00, 0x00, 0x01, 0x00, 0x00, 0x00,
    0xA4, 0x17, 0x00, 0x00, 0xEF, 0x03, 0x00, 0x00, 0x01, 0x00, 0x00, 0x00, 0x9C, 0x17, 0x00, 0x00,
    0x00, 0x00, 0x00, 0x00, 0x00, 0x00, 0x00, 0x00, 0x01, 0x00, 0x00, 0x00, 0x90, 0x17, 0x00, 0x00,
    0xFF, 0xFF, 0x00, 0x00, 0x01, 0x00, 0x00, 0x00, 0x88, 0x17, 0x00, 0x00, 0x14, 0x04, 0x00, 0x00,
    0x01, 0x00, 0x00, 0x00, 0x80, 0x17, 0x00, 0x00, 0x00, 0x00, 0x00, 0x00, 0x00, 0x00, 0x00, 0x00,
    0x01, 0x00, 0x00, 0x00, 0x74, 0x17, 0x00, 0x00, 0xFF, 0xFF, 0x00, 0x00, 0x02, 0x00, 0x00, 0x00,
    0x6C, 0x17, 0x00, 0x00, 0x14, 0x04, 0x00, 0x00, 0x01, 0x00, 0x00, 0x00, 0x68, 0x17, 0x00, 0x00,
    0x00, 0x00, 0x00, 0x00, 0x00, 0x00, 0x00, 0x00, 0x01, 0x00, 0x00, 0x00, 0x5C, 0x17, 0x00, 0x00,
    0xFF, 0xFF, 0x00, 0x00, 0x01, 0x00, 0x00, 0x00, 0x54, 0x17, 0x00, 0x00, 0x14, 0x04, 0x00, 0x00,
    0x01, 0x00, 0x00, 0x00, 0x4C, 0x17, 0x00, 0x00, 0x00, 0x00, 0x00, 0x00, 0x00, 0x00, 0x00, 0x00,
    0x01, 0x00, 0x00, 0x00, 0x40, 0x17, 0x00, 0x00, 0xFF, 0xFF, 0x00, 0x00, 0x01, 0x00, 0x00, 0x00,
    0x38, 0x17, 0x00, 0x00, 0x14, 0x04, 0x00, 0x00, 0x01, 0x00, 0x00, 0x00, 0x30, 0x17, 0x00, 0x00,
    0x00, 0x00, 0x00, 0x00, 0x00, 0x00, 0x00, 0x00, 0x01, 0x00, 0x00, 0x00, 0x24, 0x17, 0x00, 0x00,
    0xFF, 0xFF, 0x00, 0x00, 0x01, 0x00, 0x00, 0x00, 0x1C, 0x17, 0x00, 0x00, 0x14, 0x04, 0x00, 0x00,
    0x01, 0x00, 0x00, 0x00, 0x14, 0x17, 0x00, 0x00, 0x00, 0x00, 0x00, 0x00, 0x00, 0x00, 0x00, 0x00,
    0x01, 0x00, 0x00, 0x00, 0x08, 0x17, 0x00, 0x00, 0xFF, 0xFF, 0x00, 0x00, 0x01, 0x00, 0x00, 0x00,
    0x00, 0x17, 0x00, 0x00, 0x14, 0x04, 0x00, 0x00, 0x01, 0x00, 0x00, 0x00, 0xF8, 0x16, 0x00, 0x00,
    0x00, 0x00, 0x00, 0x00, 0x00, 0x00, 0x00, 0x00, 0x01, 0x00, 0x00, 0x00, 0xEC, 0x16, 0x00, 0x00,
    0xFF, 0xFF, 0x00, 0x00, 0x02, 0x00, 0x00, 0x00, 0xE4, 0x16, 0x00, 0x00, 0xEF, 0x03, 0x00, 0x00,
    0x01, 0x00, 0x00, 0x00, 0xE0, 0x16, 0x00, 0x00, 0x00, 0x00, 0x00, 0x00, 0x00, 0x00, 0x00, 0x00,
    0x01, 0x00, 0x00, 0x00, 0xD4, 0x16, 0x00, 0x00, 0xFF, 0xFF, 0x00, 0x00, 0x01, 0x00, 0x00, 0x00,
    0xCC, 0x16, 0x00, 0x00, 0xED, 0x03, 0x00, 0x00, 0x00, 0x00, 0x00, 0x00, 0x00, 0x00, 0x00, 0x00,
    0x01, 0x00, 0x00, 0x00, 0xBC, 0x16, 0x00, 0x00, 0x02, 0x00, 0x00, 0x00, 0xB8, 0x16, 0x00, 0x00,
    0xFF, 0xFF, 0x00, 0x00, 0xF1, 0x03, 0x00, 0x00, 0x01, 0x00, 0x00, 0x00, 0xB0, 0x16, 0x00, 0x00,
    0x03, 0x00, 0x00, 0x00, 0xAC, 0x16, 0x00, 0x00, 0x03, 0x00, 0x00, 0x00, 0xB0, 0x16, 0x00, 0x00,
    0xFF, 0xFF, 0x00, 0x00, 0x17, 0x60, 0x16, 0x60, 0x10, 0xC0, 0x00, 0xE0, 0xED, 0x03, 0x00, 0x00,
    0x00, 0x00, 0x00, 0x00, 0x00, 0x00, 0x00, 0x00, 0x01, 0x00, 0x00, 0x00, 0x9C, 0x16, 0x00, 0x00,
    0x02, 0x00, 0x00, 0x00, 0x98, 0x16, 0x00, 0x00, 0xFF, 0xFF, 0x00, 0x00, 0xED, 0x03, 0x00, 0x00,
    0x00, 0x00, 0x00, 0x00, 0x00, 0x00, 0x00, 0x00, 0x01, 0x00, 0x00, 0x00, 0x88, 0x16, 0x00, 0x00,
    0x02, 0x00, 0x00, 0x00, 0x84, 0x16, 0x00, 0x00, 0xFF, 0xFF, 0x00, 0x00, 0x14, 0x04, 0x00, 0x00,
    0x01, 0x00, 0x00, 0x00, 0x7C, 0x16, 0x00, 0x00, 0x00, 0x00, 0x00, 0x00, 0x00, 0x00, 0x00, 0x00,
    0x01, 0x00, 0x00, 0x00, 0x70, 0x16, 0x00, 0x00, 0xFF, 0xFF, 0x00, 0x00, 0x01, 0x00, 0x00, 0x00,
    0x68, 0x16, 0x00, 0x00, 0x14, 0x04, 0x00, 0x00, 0x01, 0x00, 0x00, 0x00, 0x60, 0x16, 0x00, 0x00,
    0x00, 0x00, 0x00, 0x00, 0x00, 0x00, 0x00, 0x00, 0x01, 0x00, 0x00, 0x00, 0x54, 0x16, 0x00, 0x00,
    0xFF, 0xFF, 0x00, 0x00, 0x01, 0x00, 0x00, 0x00, 0x4C, 0x16, 0x00, 0x00, 0xE9, 0x03, 0x00, 0x00,
    0x00, 0x00, 0x00, 0x00, 0x00, 0x00, 0x00, 0x00, 0x00, 0x00, 0x00, 0x00, 0x00, 0x00, 0x00, 0x00,
    0x01, 0x00, 0x00, 0x00, 0x34, 0x16, 0x00, 0x00, 0xFF, 0xFF, 0x00, 0x00, 0xEF, 0x03, 0x00, 0x00,
    0x01, 0x00, 0x00, 0x00, 0x28, 0x16, 0x00, 0x00, 0x00, 0x00, 0x00, 0x00, 0x00, 0x00, 0x00, 0x00,
    0x01, 0x00, 0x00, 0x00, 0x1C, 0x16, 0x00, 0x00, 0xFF, 0xFF, 0x00, 0x00, 0x01, 0x00, 0x00, 0x00,
    0x14, 0x16, 0x00, 0x00, 0xEF, 0x03, 0x00, 0x00, 0x01, 0x00, 0x00, 0x00, 0x0C, 0x16, 0x00, 0x00,
    0x00, 0x00, 0x00, 0x00, 0x00, 0x00, 0x00, 0x00, 0x01, 0x00, 0x00, 0x00, 0x00, 0x16, 0x00, 0x00,
    0xFF, 0xFF, 0x00, 0x00, 0x01, 0x00, 0x00, 0x00, 0xF8, 0x15, 0x00, 0x00, 0xF5, 0x03, 0x00, 0x00,
    0x01, 0x00, 0x00, 0x00, 0xF0, 0x15, 0x00, 0x00, 0x00, 0x00, 0x00, 0x00, 0x00, 0x00, 0x00, 0x00,
    0x01, 0x00, 0x00, 0x00, 0xE4, 0x15, 0x00, 0x00, 0xFF, 0xFF, 0x00, 0x00, 0x14, 0x00, 0x00, 0x00,
    0xE9, 0x03, 0x00, 0x00, 0x00, 0x00, 0x00, 0x00, 0x00, 0x00, 0x00, 0x00, 0x00, 0x00, 0x00, 0x00,
    0x00, 0x00, 0x00, 0x00, 0x01, 0x00, 0x00, 0x00, 0xC4, 0x15, 0x00, 0x00, 0xFF, 0xFF, 0x00, 0x00,
    0xED, 0x03, 0x00, 0x00, 0x00, 0x00, 0x00, 0x00, 0x00, 0x00, 0x00, 0x00, 0x01, 0x00, 0x00, 0x00,
    0xB0, 0x15, 0x00, 0x00, 0x02, 0x00, 0x00, 0x00, 0xAC, 0x15, 0x00, 0x00, 0xFF, 0xFF, 0x00, 0x00,
    0xF2, 0x03, 0x00, 0x00, 0x01, 0x00, 0x00, 0x00, 0xA4, 0x15, 0x00, 0x00, 0x01, 0x00, 0x00, 0x00,
    0xA0, 0x15, 0x00, 0x00, 0x03, 0x00, 0x00, 0x00, 0x9C, 0x15, 0x00, 0x00, 0xFF, 0xFF, 0x00, 0x00,
    0x14, 0x04, 0x00, 0x00, 0x01, 0x00, 0x00, 0x00, 0x98, 0x15, 0x00, 0x00, 0x00, 0x00, 0x00, 0x00,
    0x00, 0x00, 0x00, 0x00, 0x01, 0x00, 0x00, 0x00, 0x8C, 0x15, 0x00, 0x00, 0xFF, 0xFF, 0x00, 0x00,
    0x03, 0x00, 0x00, 0x00, 0x84, 0x15, 0x00, 0x00, 0xF2, 0x03, 0x00, 0x00, 0x01, 0x00, 0x00, 0x00,
    0x84, 0x15, 0x00, 0x00, 0x01, 0x00, 0x00, 0x00, 0x80, 0x15, 0x00, 0x00, 0x03, 0x00, 0x00, 0x00,
    0x7C, 0x15, 0x00, 0x00, 0xFF, 0xFF, 0x00, 0x00, 0xF2, 0x03, 0x00, 0x00, 0x01, 0x00, 0x00, 0x00,
    0x78, 0x15, 0x00, 0x00, 0x01, 0x00, 0x00, 0x00, 0x74, 0x15, 0x00, 0x00, 0x03, 0x00, 0x00, 0x00,
    0x70, 0x15, 0x00, 0x00, 0xFF, 0xFF, 0x00, 0x00, 0xEF, 0x03, 0x00, 0x00, 0x01, 0x00, 0x00, 0x00,
    0x6C, 0x15, 0x00, 0x00, 0x00, 0x00, 0x00, 0x00, 0x00, 0x00, 0x00, 0x00, 0x01, 0x00, 0x00, 0x00,
    0x60, 0x15, 0x00, 0x00, 0xFF, 0xFF, 0x00, 0x00, 0x03, 0x00, 0x00, 0x00, 0x58, 0x15, 0x00, 0x00,
    0xF2, 0x03, 0x00, 0x00, 0x01, 0x00, 0x00, 0x00, 0x58, 0x15, 0x00, 0x00, 0x01, 0x00, 0x00, 0x00,
    0x54, 0x15, 0x00, 0x00, 0x03, 0x00, 0x00, 0x00, 0x50, 0x15, 0x00, 0x00, 0xFF, 0xFF, 0x00, 0x00,
    0xF2, 0x03, 0x00, 0x00, 0x01, 0x00, 0x00, 0x00, 0x4C, 0x15, 0x00, 0x00, 0x01, 0x00, 0x00, 0x00,
    0x48, 0x15, 0x00, 0x00, 0x03, 0x00, 0x00, 0x00, 0x44, 0x15, 0x00, 0x00, 0xFF, 0xFF, 0x00, 0x00,
    0xF2, 0x03, 0x00, 0x00, 0x01, 0x00, 0x00, 0x00, 0x40, 0x15, 0x00, 0x00, 0x01, 0x00, 0x00, 0x00,
    0x3C, 0x15, 0x00, 0x00, 0x03, 0x00, 0x00, 0x00, 0x38, 0x15, 0x00, 0x00, 0xFF, 0xFF, 0x00, 0x00,
    0xF5, 0x03, 0x00, 0x00, 0x01, 0x00, 0x00, 0x00, 0x34, 0x15, 0x00, 0x00, 0x00, 0x00, 0x00, 0x00,
    0x00, 0x00, 0x00, 0x00, 0x00, 0x00, 0x00, 0x00, 0x00, 0x00, 0x00, 0x00, 0xFF, 0xFF, 0x00, 0x00,
    0x0C, 0x00, 0x00, 0x00, 0xF5, 0x03, 0x00, 0x00, 0x01, 0x00, 0x00, 0x00, 0x14, 0x15, 0x00, 0x00,
    0x00, 0x00, 0x00, 0x00, 0x00, 0x00, 0x00, 0x00, 0x00, 0x00, 0x00, 0x00, 0x00, 0x00, 0x00, 0x00,
    0xFF, 0xFF, 0x00, 0x00, 0x0D, 0x00, 0x00, 0x00, 0xE9, 0x03, 0x00, 0x00, 0x00, 0x00, 0x00, 0x00,
    0x00, 0x00, 0x00, 0x00, 0x00, 0x00, 0x00, 0x00, 0x00, 0x00, 0x00, 0x00, 0x01, 0x00, 0x00, 0x00,
    0xE4, 0x14, 0x00, 0x00, 0xFF, 0xFF, 0x00, 0x00, 0xF5, 0x03, 0x00, 0x00, 0x01, 0x00, 0x00, 0x00,
    0xD8, 0x14, 0x00, 0x00, 0x00, 0x00, 0x00, 0x00, 0x00, 0x00, 0x00, 0x00, 0x00, 0x00, 0x00, 0x00,
    0x00, 0x00, 0x00, 0x00, 0xFF, 0xFF, 0x00, 0x00, 0x0E, 0x00, 0x00, 0x00, 0x36, 0x75, 0x00, 0x00,
    0x00, 0x00, 0x00, 0x00, 0x00, 0x00, 0x00, 0x00, 0x03, 0x00, 0x00, 0x00, 0xB0, 0x14, 0x00, 0x00,
    0x01, 0x00, 0x00, 0x00, 0xB4, 0x14, 0x00, 0x00, 0xFF, 0xFF, 0x00, 0x00, 0x31, 0x75, 0x00, 0x00,
    0x00, 0x00, 0x00, 0x00, 0x00, 0x00, 0x00, 0x00, 0x03, 0x00, 0x00, 0x00, 0xA0, 0x14, 0x00, 0x00,
    0x00, 0x00, 0x00, 0x00, 0x00, 0x00, 0x00, 0x00, 0xFF, 0xFF, 0x00, 0x00, 0x32, 0x75, 0x00, 0x00,
    0x00, 0x00, 0x00, 0x00, 0x00, 0x00, 0x00, 0x00, 0x03, 0x00, 0x00, 0x00, 0x8C, 0x14, 0x00, 0x00,
    0x00, 0x00, 0x00, 0x00, 0x00, 0x00, 0x00, 0x00, 0xFF, 0xFF, 0x00, 0x00, 0x34, 0x75, 0x00, 0x00,
    0x00, 0x00, 0x00, 0x00, 0x00, 0x00, 0x00, 0x00, 0x03, 0x00, 0x00, 0x00, 0x78, 0x14, 0x00, 0x00,
    0x00, 0x00, 0x00, 0x00, 0x00, 0x00, 0x00, 0x00, 0xFF, 0xFF, 0x00, 0x00, 0x32, 0x75, 0x00, 0x00,
    0x00, 0x00, 0x00, 0x00, 0x00, 0x00, 0x00, 0x00, 0x04, 0x00, 0x00, 0x00, 0x64, 0x14, 0x00, 0x00,
    0x00, 0x00, 0x00, 0x00, 0x00, 0x00, 0x00, 0x00, 0xFF, 0xFF, 0x00, 0x00, 0x14, 0x04, 0x00, 0x00,
    0x01, 0x00, 0x00, 0x00, 0x5C, 0x14, 0x00, 0x00, 0x00, 0x00, 0x00, 0x00, 0x00, 0x00, 0x00, 0x00,
    0x01, 0x00, 0x00, 0x00, 0x50, 0x14, 0x00, 0x00, 0xFF, 0xFF, 0x00, 0x00, 0x01, 0x00, 0x00, 0x00,
    0x48, 0x14, 0x00, 0x00, 0x36, 0x75, 0x00, 0x00, 0x00, 0x00, 0x00, 0x00, 0x00, 0x00, 0x00, 0x00,
    0x03, 0x00, 0x00, 0x00, 0x38, 0x14, 0x00, 0x00, 0x01, 0x00, 0x00, 0x00, 0x3C, 0x14, 0x00, 0x00,
    0xFF, 0xFF, 0x00, 0x00, 0x31, 0x75, 0x00, 0x00, 0x00, 0x00, 0x00, 0x00, 0x00, 0x00, 0x00, 0x00,
    0x03, 0x00, 0x00, 0x00, 0x28, 0x14, 0x00, 0x00, 0x00, 0x00, 0x00, 0x00, 0x00, 0x00, 0x00, 0x00,
    0xFF, 0xFF, 0x00, 0x00, 0x32, 0x75, 0x00, 0x00, 0x00, 0x00, 0x00, 0x00, 0x00, 0x00, 0x00, 0x00,
    0x03, 0x00, 0x00, 0x00, 0x14, 0x14, 0x00, 0x00, 0x00, 0x00, 0x00, 0x00, 0x00, 0x00, 0x00, 0x00,
    0xFF, 0xFF, 0x00, 0x00, 0x39, 0x75, 0x00, 0x00, 0x00, 0x00, 0x00, 0x00, 0x00, 0x00, 0x00, 0x00,
    0x04, 0x00, 0x00, 0x00, 0x00, 0x14, 0x00, 0x00, 0x00, 0x00, 0x00, 0x00, 0x00, 0x00, 0x00, 0x00,
    0xFF, 0xFF, 0x00, 0x00, 0x36, 0x75, 0x00, 0x00, 0x00, 0x00, 0x00, 0x00, 0x00, 0x00, 0x00, 0x00,
    0x03, 0x00, 0x00, 0x00, 0xF0, 0x13, 0x00, 0x00, 0x01, 0x00, 0x00, 0x00, 0xF4, 0x13, 0x00, 0x00,
    0xFF, 0xFF, 0x00, 0x00, 0x32, 0x75, 0x00, 0x00, 0x00, 0x00, 0x00, 0x00, 0x00, 0x00, 0x00, 0x00,
    0x03, 0x00, 0x00, 0x00, 0xE0, 0x13, 0x00, 0x00, 0x00, 0x00, 0x00, 0x00, 0x00, 0x00, 0x00, 0x00,
    0xFF, 0xFF, 0x00, 0x00, 0x14, 0x04, 0x00, 0x00, 0x01, 0x00, 0x00, 0x00, 0xD4, 0x13, 0x00, 0x00,
    0x00, 0x00, 0x00, 0x00, 0x00, 0x00, 0x00, 0x00, 0x01, 0x00, 0x00, 0x00, 0xC8, 0x13, 0x00, 0x00,
    0xFF, 0xFF, 0x00, 0x00, 0x01, 0x00, 0x00, 0x00, 0xC0, 0x13, 0x00, 0x00, 0xF5, 0x03, 0x00, 0x00,
    0x01, 0x00, 0x00, 0x00, 0xB8, 0x13, 0x00, 0x00, 0x00, 0x00, 0x00, 0x00, 0x00, 0x00, 0x00, 0x00,
    0x01, 0x00, 0x00, 0x00, 0xAC, 0x13, 0x00, 0x00, 0xFF, 0xFF, 0x00, 0x00, 0x12, 0x00, 0x00, 0x00,
    0xF5, 0x03, 0x00, 0x00, 0x01, 0x00, 0x00, 0x00, 0x9C, 0x13, 0x00, 0x00, 0x00, 0x00, 0x00, 0x00,
    0x00, 0x00, 0x00, 0x00, 0x01, 0x00, 0x00, 0x00, 0x90, 0x13, 0x00, 0x00, 0xFF, 0xFF, 0x00, 0x00,
    0x17, 0x00, 0x00, 0x00, 0x36, 0x75, 0x00, 0x00, 0x00, 0x00, 0x00, 0x00, 0x00, 0x00, 0x00, 0x00,
    0x03, 0x00, 0x00, 0x00, 0x78, 0x13, 0x00, 0x00, 0x01, 0x00, 0x00, 0x00, 0x7C, 0x13, 0x00, 0x00,
    0xFF, 0xFF, 0x00, 0x00, 0x31, 0x75, 0x00, 0x00, 0x00, 0x00, 0x00, 0x00, 0x00, 0x00, 0x00, 0x00,
    0x03, 0x00, 0x00, 0x00, 0x68, 0x13, 0x00, 0x00, 0x00, 0x00, 0x00, 0x00, 0x00, 0x00, 0x00, 0x00,
    0xFF, 0xFF, 0x00, 0x00, 0x32, 0x75, 0x00, 0x00, 0x00, 0x00, 0x00, 0x00, 0x00, 0x00, 0x00, 0x00,
    0x03, 0x00, 0x00, 0x00, 0x54, 0x13, 0x00, 0x00, 0x00, 0x00, 0x00, 0x00, 0x00, 0x00, 0x00, 0x00,
    0xFF, 0xFF, 0x00, 0x00, 0x32, 0x75, 0x00, 0x00, 0x00, 0x00, 0x00, 0x00, 0x00, 0x00, 0x00, 0x00,
    0x03, 0x00, 0x00, 0x00, 0x40, 0x13, 0x00, 0x00, 0x00, 0x00, 0x00, 0x00, 0x00, 0x00, 0x00, 0x00,
    0xFF, 0xFF, 0x00, 0x00, 0x39, 0x75, 0x00, 0x00, 0x00, 0x00, 0x00, 0x00, 0x00, 0x00, 0x00, 0x00,
    0x04, 0x00, 0x00, 0x00, 0x2C, 0x13, 0x00, 0x00, 0x00, 0x00, 0x00, 0x00, 0x00, 0x00, 0x00, 0x00,
    0xFF, 0xFF, 0x00, 0x00, 0x14, 0x04, 0x00, 0x00, 0x01, 0x00, 0x00, 0x00, 0x24, 0x13, 0x00, 0x00,
    0x00, 0x00, 0x00, 0x00, 0x00, 0x00, 0x00, 0x00, 0x01, 0x00, 0x00, 0x00, 0x18, 0x13, 0x00, 0x00,
    0xFF, 0xFF, 0x00, 0x00, 0x01, 0x00, 0x00, 0x00, 0x10, 0x13, 0x00, 0x00, 0xF5, 0x03, 0x00, 0x00,
    0x01, 0x00, 0x00, 0x00, 0x08, 0x13, 0x00, 0x00, 0x00, 0x00, 0x00, 0x00, 0x00, 0x00, 0x00, 0x00,
    0x01, 0x00, 0x00, 0x00, 0xFC, 0x12, 0x00, 0x00, 0xFF, 0xFF, 0x00, 0x00, 0x16, 0x00, 0x00, 0x00,
    0xED, 0x03, 0x00, 0x00, 0x00, 0x00, 0x00, 0x00, 0x00, 0x00, 0x00, 0x00, 0x01, 0x00, 0x00, 0x00,
    0xE4, 0x12, 0x00, 0x00, 0x02, 0x00, 0x00, 0x00, 0xE0, 0x12, 0x00, 0x00, 0xFF, 0xFF, 0x00, 0x00,
    0xF2, 0x03, 0x00, 0x00, 0x01, 0x00, 0x00, 0x00, 0xD8, 0x12, 0x00, 0x00, 0x01, 0x00, 0x00, 0x00,
    0xD4, 0x12, 0x00, 0x00, 0x03, 0x00, 0x00, 0x00, 0xD0, 0x12, 0x00, 0x00, 0xFF, 0xFF, 0x00, 0x00,
    0x14, 0x04, 0x00, 0x00, 0x01, 0x00, 0x00, 0x00, 0xCC, 0x12, 0x00, 0x00, 0x00, 0x00, 0x00, 0x00,
    0x00, 0x00, 0x00, 0x00, 0x01, 0x00, 0x00, 0x00, 0xC0, 0x12, 0x00, 0x00, 0xFF, 0xFF, 0x00, 0x00,
    0x01, 0x00, 0x00, 0x00, 0xB8, 0x12, 0x00, 0x00, 0xED, 0x03, 0x00, 0x00, 0x00, 0x00, 0x00, 0x00,
    0x00, 0x00, 0x00, 0x00, 0x01, 0x00, 0x00, 0x00, 0xA8, 0x12, 0x00, 0x00, 0x02, 0x00, 0x00, 0x00,
    0xA4, 0x12, 0x00, 0x00, 0xFF, 0xFF, 0x00, 0x00, 0x31, 0x75, 0x00, 0x00, 0x00, 0x00, 0x00, 0x00,
    0x00, 0x00, 0x00, 0x00, 0x03, 0x00, 0x00, 0x00, 0x94, 0x12, 0x00, 0x00, 0x00, 0x00, 0x00, 0x00,
    0x00, 0x00, 0x00, 0x00, 0xFF, 0xFF, 0x00, 0x00, 0x14, 0x04, 0x00, 0x00, 0x01, 0x00, 0x00, 0x00,
    0x88, 0x12, 0x00, 0x00, 0x00, 0x00, 0x00, 0x00, 0x00, 0x00, 0x00, 0x00, 0x01, 0x00, 0x00, 0x00,
    0x7C, 0x12, 0x00, 0x00, 0xFF, 0xFF, 0x00, 0x00, 0x01, 0x00, 0x00, 0x00, 0x74, 0x12, 0x00, 0x00,
    0x14, 0x04, 0x00, 0x00, 0x01, 0x00, 0x00, 0x00, 0x6C, 0x12, 0x00, 0x00, 0x00, 0x00, 0x00, 0x00,
    0x00, 0x00, 0x00, 0x00, 0x01, 0x00, 0x00, 0x00, 0x60, 0x12, 0x00, 0x00, 0xFF, 0xFF, 0x00, 0x00,
    0x01, 0x00, 0x00, 0x00, 0x58, 0x12, 0x00, 0x00, 0xF2, 0x03, 0x00, 0x00, 0x01, 0x00, 0x00, 0x00,
    0x50, 0x12, 0x00, 0x00, 0x01, 0x00, 0x00, 0x00, 0x4C, 0x12, 0x00, 0x00, 0x03, 0x00, 0x00, 0x00,
    0x48, 0x12, 0x00, 0x00, 0xFF, 0xFF, 0x00, 0x00, 0xF2, 0x03, 0x00, 0x00, 0x01, 0x00, 0x00, 0x00,
    0x44, 0x12, 0x00, 0x00, 0x01, 0x00, 0x00, 0x00, 0x40, 0x12, 0x00, 0x00, 0x03, 0x00, 0x00, 0x00,
    0x3C, 0x12, 0x00, 0x00, 0xFF, 0xFF, 0x00, 0x00, 0x32, 0x75, 0x00, 0x00, 0x00, 0x00, 0x00, 0x00,
    0x00, 0x00, 0x00, 0x00, 0x03, 0x00, 0x00, 0x00, 0x30, 0x12, 0x00, 0x00, 0x00, 0x00, 0x00, 0x00,
    0x00, 0x00, 0x00, 0x00, 0xFF, 0xFF, 0x00, 0x00, 0x34, 0x75, 0x00, 0x00, 0x00, 0x00, 0x00, 0x00,
    0x00, 0x00, 0x00, 0x00, 0x03, 0x00, 0x00, 0x00, 0x1C, 0x12, 0x00, 0x00, 0x00, 0x00, 0x00, 0x00,
    0x00, 0x00, 0x00, 0x00, 0xFF, 0xFF, 0x00, 0x00, 0x32, 0x75, 0x00, 0x00, 0x00, 0x00, 0x00, 0x00,
    0x00, 0x00, 0x00, 0x00, 0x04, 0x00, 0x00, 0x00, 0x08, 0x12, 0x00, 0x00, 0x00, 0x00, 0x00, 0x00,
    0x00, 0x00, 0x00, 0x00, 0xFF, 0xFF, 0x00, 0x00, 0x32, 0x75, 0x00, 0x00, 0x00, 0x00, 0x00, 0x00,
    0x00, 0x00, 0x00, 0x00, 0x04, 0x00, 0x00, 0x00, 0xF8, 0x11, 0x00, 0x00, 0x00, 0x00, 0x00, 0x00,
    0x00, 0x00, 0x00, 0x00, 0xFF, 0xFF, 0x00, 0x00, 0xEF, 0x03, 0x00, 0x00, 0x01, 0x00, 0x00, 0x00,
    0xF0, 0x11, 0x00, 0x00, 0x00, 0x00, 0x00, 0x00, 0x00, 0x00, 0x00, 0x00, 0x01, 0x00, 0x00, 0x00,
    0xE4, 0x11, 0x00, 0x00, 0xFF, 0xFF, 0x00, 0x00, 0x02, 0x00, 0x00, 0x00, 0xDC, 0x11, 0x00, 0x00,
    0xEF, 0x03, 0x00, 0x00, 0x01, 0x00, 0x00, 0x00, 0xD8, 0x11, 0x00, 0x00, 0x00, 0x00, 0x00, 0x00,
    0x00, 0x00, 0x00, 0x00, 0x01, 0x00, 0x00, 0x00, 0xCC, 0x11, 0x00, 0x00, 0xFF, 0xFF, 0x00, 0x00,
    0x02, 0x00, 0x00, 0x00, 0xC4, 0x11, 0x00, 0x00, 0x14, 0x04, 0x00, 0x00, 0x01, 0x00, 0x00, 0x00,
    0xC0, 0x11, 0x00, 0x00, 0x00, 0x00, 0x00, 0x00, 0x00, 0x00, 0x00, 0x00, 0x01, 0x00, 0x00, 0x00,
    0xB4, 0x11, 0x00, 0x00, 0xFF, 0xFF, 0x00, 0x00, 0x03, 0x00, 0x00, 0x00, 0xAC, 0x11, 0x00, 0x00,
    0x14, 0x04, 0x00, 0x00, 0x01, 0x00, 0x00, 0x00, 0xAC, 0x11, 0x00, 0x00, 0x00, 0x00, 0x00, 0x00,
    0x00, 0x00, 0x00, 0x00, 0x01, 0x00, 0x00, 0x00, 0xA0, 0x11, 0x00, 0x00, 0xFF, 0xFF, 0x00, 0x00,
    0x03, 0x00, 0x00, 0x00, 0x98, 0x11, 0x00, 0x00, 0xF2, 0x03, 0x00, 0x00, 0x00, 0x00, 0x00, 0x00,
    0x00, 0x00, 0x00, 0x00, 0x01, 0x00, 0x00, 0x00, 0x90, 0x11, 0x00, 0x00, 0x03, 0x00, 0x00, 0x00,
    0x8C, 0x11, 0x00, 0x00, 0xFF, 0xFF, 0x00, 0x00, 0x14, 0x04, 0x00, 0x00, 0x01, 0x00, 0x00, 0x00,
    0x88, 0x11, 0x00, 0x00, 0x00, 0x00, 0x00, 0x00, 0x00, 0x00, 0x00, 0x00, 0x01, 0x00, 0x00, 0x00,
    0x7C, 0x11, 0x00, 0x00, 0xFF, 0xFF, 0x00, 0x00, 0x04, 0x00, 0x00, 0x00, 0x74, 0x11, 0x00, 0x00,
    0xF1, 0x03, 0x00, 0x00, 0x00, 0x00, 0x00, 0x00, 0x00, 0x00, 0x00, 0x00, 0x03, 0x00, 0x00, 0x00,
    0x70, 0x11, 0x00, 0x00, 0x03, 0x00, 0x00, 0x00, 0x74, 0x11, 0x00, 0x00, 0xFF, 0xFF, 0x00, 0x00,
    0x14, 0x60, 0x02, 0x60, 0x0A, 0xC0, 0x00, 0xE0, 0xEF, 0x03, 0x00, 0x00, 0x01, 0x00, 0x00, 0x00,
    0x68, 0x11, 0x00, 0x00, 0x00, 0x00, 0x00, 0x00, 0x00, 0x00, 0x00, 0x00, 0x01, 0x00, 0x00, 0x00,
    0x5C, 0x11, 0x00, 0x00, 0xFF, 0xFF, 0x00, 0x00, 0x01, 0x00, 0x00, 0x00, 0x54, 0x11, 0x00, 0x00,
    0xF6, 0x03, 0x00, 0x00, 0x01, 0x00, 0x00, 0x00, 0x4C, 0x11, 0x00, 0x00, 0x01, 0x00, 0x00, 0x00,
    0x48, 0x11, 0x00, 0x00, 0x01, 0x00, 0x00, 0x00, 0x44, 0x11, 0x00, 0x00, 0xFF, 0xFF, 0x00, 0x00,
    0xEF, 0x03, 0x00, 0x00, 0x01, 0x00, 0x00, 0x00, 0x38, 0x11, 0x00, 0x00, 0x00, 0x00, 0x00, 0x00,
    0x00, 0x00, 0x00, 0x00, 0x01, 0x00, 0x00, 0x00, 0x2C, 0x11, 0x00, 0x00, 0xFF, 0xFF, 0x00, 0x00,
    0x01, 0x00, 0x00, 0x00, 0x24, 0x11, 0x00, 0x00, 0xF6, 0x03, 0x00, 0x00, 0x01, 0x00, 0x00, 0x00,
    0x1C, 0x11, 0x00, 0x00, 0x01, 0x00, 0x00, 0x00, 0x18, 0x11, 0x00, 0x00, 0x01, 0x00, 0x00, 0x00,
    0x14, 0x11, 0x00, 0x00, 0xFF, 0xFF, 0x00, 0x00, 0xEF, 0x03, 0x00, 0x00, 0x01, 0x00, 0x00, 0x00,
    0x08, 0x11, 0x00, 0x00, 0x00, 0x00, 0x00, 0x00, 0x00, 0x00, 0x00, 0x00, 0x01, 0x00, 0x00, 0x00,
    0xFC, 0x10, 0x00, 0x00, 0xFF, 0xFF, 0x00, 0x00, 0x01, 0x00, 0x00, 0x00, 0xF4, 0x10, 0x00, 0x00,
    0x14, 0x04, 0x00, 0x00, 0x01, 0x00, 0x00, 0x00, 0xEC, 0x10, 0x00, 0x00, 0x00, 0x00, 0x00, 0x00,
    0x00, 0x00, 0x00, 0x00, 0x01, 0x00, 0x00, 0x00, 0xE0, 0x10, 0x00, 0x00, 0xFF, 0xFF, 0x00, 0x00,
    0x04, 0x00, 0x00, 0x00, 0xD8, 0x10, 0x00, 0x00, 0x14, 0x04, 0x00, 0x00, 0x01, 0x00, 0x00, 0x00,
    0xDC, 0x10, 0x00, 0x00, 0x00, 0x00, 0x00, 0x00, 0x00, 0x00, 0x00, 0x00, 0x01, 0x00, 0x00, 0x00,
    0xD0, 0x10, 0x00, 0x00, 0xFF, 0xFF, 0x00, 0x00, 0x04, 0x00, 0x00, 0x00, 0xC8, 0x10, 0x00, 0x00,
    0x14, 0x04, 0x00, 0x00, 0x01, 0x00, 0x00, 0x00, 0xCC, 0x10, 0x00, 0x00, 0x00, 0x00, 0x00, 0x00,
    0x00, 0x00, 0x00, 0x00, 0x01, 0x00, 0x00, 0x00, 0xC0, 0x10, 0x00, 0x00, 0xFF, 0xFF, 0x00, 0x00,
    0x03, 0x00, 0x00, 0x00, 0xB8, 0x10, 0x00, 0x00, 0x14, 0x04, 0x00, 0x00, 0x01, 0x00, 0x00, 0x00,
    0xB8, 0x10, 0x00, 0x00, 0x00, 0x00, 0x00, 0x00, 0x00, 0x00, 0x00, 0x00, 0x01, 0x00, 0x00, 0x00,
    0xAC, 0x10, 0x00, 0x00, 0xFF, 0xFF, 0x00, 0x00, 0x02, 0x00, 0x00, 0x00, 0xA4, 0x10, 0x00, 0x00,
    0x14, 0x04, 0x00, 0x00, 0x01, 0x00, 0x00, 0x00, 0xA0, 0x10, 0x00, 0x00, 0x00, 0x00, 0x00, 0x00,
    0x00, 0x00, 0x00, 0x00, 0x01, 0x00, 0x00, 0x00, 0x94, 0x10, 0x00, 0x00, 0xFF, 0xFF, 0x00, 0x00,
    0x0F, 0x00, 0x00, 0x00, 0x8C, 0x10, 0x00, 0x00, 0xF6, 0x03, 0x00, 0x00, 0x01, 0x00, 0x00, 0x00,
    0xBC, 0x10, 0x00, 0x00, 0x01, 0x00, 0x00, 0x00, 0xB8, 0x10, 0x00, 0x00, 0x01, 0x00, 0x00, 0x00,
    0xB4, 0x10, 0x00, 0x00, 0xFF, 0xFF, 0x00, 0x00, 0x14, 0x04, 0x00, 0x00, 0x01, 0x00, 0x00, 0x00,
    0xA8, 0x10, 0x00, 0x00, 0x00, 0x00, 0x00, 0x00, 0x00, 0x00, 0x00, 0x00, 0x01, 0x00, 0x00, 0x00,
    0x9C, 0x10, 0x00, 0x00, 0xFF, 0xFF, 0x00, 0x00, 0x02, 0x00, 0x00, 0x00, 0x94, 0x10, 0x00, 0x00,
    0xF6, 0x03, 0x00, 0x00, 0x01, 0x00, 0x00, 0x00, 0x90, 0x10, 0x00, 0x00, 0x01, 0x00, 0x00, 0x00,
    0x8C, 0x10, 0x00, 0x00, 0x01, 0x00, 0x00, 0x00, 0x88, 0x10, 0x00, 0x00, 0xFF, 0xFF, 0x00, 0x00,
    0x14, 0x04, 0x00, 0x00, 0x01, 0x00, 0x00, 0x00, 0x7C, 0x10, 0x00, 0x00, 0x00, 0x00, 0x00, 0x00,
    0x00, 0x00, 0x00, 0x00, 0x01, 0x00, 0x00, 0x00, 0x70, 0x10, 0x00, 0x00, 0xFF, 0xFF, 0x00, 0x00,
    0x0F, 0x00, 0x00, 0x00, 0x68, 0x10, 0x00, 0x00, 0xF2, 0x03, 0x00, 0x00, 0x00, 0x00, 0x00, 0x00,
    0x00, 0x00, 0x00, 0x00, 0x01, 0x00, 0x00, 0x00, 0x90, 0x10, 0x00, 0x00, 0x03, 0x00, 0x00, 0x00,
    0x8C, 0x10, 0x00, 0x00, 0xFF, 0xFF, 0x00, 0x00, 0xF2, 0x03, 0x00, 0x00, 0x01, 0x00, 0x00, 0x00,
    0x88, 0x10, 0x00, 0x00, 0x01, 0x00, 0x00, 0x00, 0x84, 0x10, 0x00, 0x00, 0x03, 0x00, 0x00, 0x00,
    0x80, 0x10, 0x00, 0x00, 0xFF, 0xFF, 0x00, 0x00, 0xEF, 0x03, 0x00, 0x00, 0x01, 0x00, 0x00, 0x00,
    0x7C, 0x10, 0x00, 0x00, 0x00, 0x00, 0x00, 0x00, 0x00, 0x00, 0x00, 0x00, 0x01, 0x00, 0x00, 0x00,
    0x70, 0x10, 0x00, 0x00, 0xFF, 0xFF, 0x00, 0x00, 0x01, 0x00, 0x00, 0x00, 0x68, 0x10, 0x00, 0x00,
    0xEF, 0x03, 0x00, 0x00, 0x01, 0x00, 0x00, 0x00, 0x60, 0x10, 0x00, 0x00, 0x00, 0x00, 0x00, 0x00,
    0x00, 0x00, 0x00, 0x00, 0x01, 0x00, 0x00, 0x00, 0x54, 0x10, 0x00, 0x00, 0xFF, 0xFF, 0x00, 0x00,
    0x01, 0x00, 0x00, 0x00, 0x4C, 0x10, 0x00, 0x00, 0x14, 0x04, 0x00, 0x00, 0x01, 0x00, 0x00, 0x00,
    0x44, 0x10, 0x00, 0x00, 0x00, 0x00, 0x00, 0x00, 0x00, 0x00, 0x00, 0x00, 0x01, 0x00, 0x00, 0x00,
    0x38, 0x10, 0x00, 0x00, 0xFF, 0xFF, 0x00, 0x00, 0x05, 0x00, 0x00, 0x00, 0x30, 0x10, 0x00, 0x00,
    0xEF, 0x03, 0x00, 0x00, 0x01, 0x00, 0x00, 0x00, 0x38, 0x10, 0x00, 0x00, 0x00, 0x00, 0x00, 0x00,
    0x00, 0x00, 0x00, 0x00, 0x01, 0x00, 0x00, 0x00, 0x2C, 0x10, 0x00, 0x00, 0xFF, 0xFF, 0x00, 0x00,
    0x01, 0x00, 0x00, 0x00, 0x24, 0x10, 0x00, 0x00, 0x14, 0x04, 0x00, 0x00, 0x01, 0x00, 0x00, 0x00,
    0x1C, 0x10, 0x00, 0x00, 0x00, 0x00, 0x00, 0x00, 0x00, 0x00, 0x00, 0x00, 0x01, 0x00, 0x00, 0x00,
    0x10, 0x10, 0x00, 0x00, 0xFF, 0xFF, 0x00, 0x00, 0x05, 0x00, 0x00, 0x00, 0x08, 0x10, 0x00, 0x00,
    0xEF, 0x03, 0x00, 0x00, 0x01, 0x00, 0x00, 0x00, 0x10, 0x10, 0x00, 0x00, 0x00, 0x00, 0x00, 0x00,
    0x00, 0x00, 0x00, 0x00, 0x01, 0x00, 0x00, 0x00, 0x04, 0x10, 0x00, 0x00, 0xFF, 0xFF, 0x00, 0x00,
    0x01, 0x00, 0x00, 0x00, 0xFC, 0x0F, 0x00, 0x00, 0xF2, 0x03, 0x00, 0x00, 0x00, 0x00, 0x00, 0x00,
    0x00, 0x00, 0x00, 0x00, 0x01, 0x00, 0x00, 0x00, 0xEC, 0x0F, 0x00, 0x00, 0x03, 0x00, 0x00, 0x00,
    0xE8, 0x0F, 0x00, 0x00, 0xFF, 0xFF, 0x00, 0x00, 0xEF, 0x03, 0x00, 0x00, 0x01, 0x00, 0x00, 0x00,
    0xE4, 0x0F, 0x00, 0x00, 0x00, 0x00, 0x00, 0x00, 0x00, 0x00, 0x00, 0x00, 0x01, 0x00, 0x00, 0x00,
    0xD8, 0x0F, 0x00, 0x00, 0xFF, 0xFF, 0x00, 0x00, 0x01, 0x00, 0x00, 0x00, 0xD0, 0x0F, 0x00, 0x00,
    0xEF, 0x03, 0x00, 0x00, 0x01, 0x00, 0x00, 0x00, 0xC8, 0x0F, 0x00, 0x00, 0x00, 0x00, 0x00, 0x00,
    0x00, 0x00, 0x00, 0x00, 0x01, 0x00, 0x00, 0x00, 0xBC, 0x0F, 0x00, 0x00, 0xFF, 0xFF, 0x00, 0x00,
    0x01, 0x00, 0x00, 0x00, 0xB4, 0x0F, 0x00, 0x00, 0x14, 0x04, 0x00, 0x00, 0x01, 0x00, 0x00, 0x00,
    0xAC, 0x0F, 0x00, 0x00, 0x00, 0x00, 0x00, 0x00, 0x00, 0x00, 0x00, 0x00, 0x01, 0x00, 0x00, 0x00,
    0xA0, 0x0F, 0x00, 0x00, 0xFF, 0xFF, 0x00, 0x00, 0x05, 0x00, 0x00, 0x00, 0x98, 0x0F, 0x00, 0x00,
    0xEF, 0x03, 0x00, 0x00, 0x01, 0x00, 0x00, 0x00, 0xA0, 0x0F, 0x00, 0x00, 0x00, 0x00, 0x00, 0x00,
    0x00, 0x00, 0x00, 0x00, 0x01, 0x00, 0x00, 0x00, 0x94, 0x0F, 0x00, 0x00, 0xFF, 0xFF, 0x00, 0x00,
    0x01, 0x00, 0x00, 0x00, 0x8C, 0x0F, 0x00, 0x00, 0x14, 0x04, 0x00, 0x00, 0x01, 0x00, 0x00, 0x00,
    0x84, 0x0F, 0x00, 0x00, 0x00, 0x00, 0x00, 0x00, 0x00, 0x00, 0x00, 0x00, 0x01, 0x00, 0x00, 0x00,
    0x78, 0x0F, 0x00, 0x00, 0xFF, 0xFF, 0x00, 0x00, 0x05, 0x00, 0x00, 0x00, 0x70, 0x0F, 0x00, 0x00,
    0xF2, 0x03, 0x00, 0x00, 0x00, 0x00, 0x00, 0x00, 0x00, 0x00, 0x00, 0x00, 0x01, 0x00, 0x00, 0x00,
    0x70, 0x0F, 0x00, 0x00, 0x03, 0x00, 0x00, 0x00, 0x6C, 0x0F, 0x00, 0x00, 0xFF, 0xFF, 0x00, 0x00,
    0x70, 0x0F, 0x00, 0x00, 0x70, 0x0F, 0x00, 0x00, 0x70, 0x0F, 0x00, 0x00, 0x70, 0x0F, 0x00, 0x00,
    0x70, 0x0F, 0x00, 0x00, 0x70, 0x0F, 0x00, 0x00, 0x70, 0x0F, 0x00, 0x00, 0x78, 0x0F, 0x00, 0x00,
    0x78, 0x0F, 0x00, 0x00, 0x78, 0x0F, 0x00, 0x00, 0x78, 0x0F, 0x00, 0x00, 0x78, 0x0F, 0x00, 0x00,
    0x78, 0x0F, 0x00, 0x00, 0x78, 0x0F, 0x00, 0x00, 0x01, 0x00, 0x00, 0x00, 0x74, 0x0F, 0x00, 0x00,
    0x7C, 0x0F, 0x00, 0x00, 0x02, 0x00, 0x00, 0x00, 0x80, 0x0F, 0x00, 0x00, 0x80, 0x0F, 0x00, 0x00,
    0x03, 0x00, 0x00, 0x00, 0x84, 0x0F, 0x00, 0x00, 0x8C, 0x0F, 0x00, 0x00, 0x04, 0x00, 0x00, 0x00,
    0x8C, 0x0F, 0x00, 0x00, 0x94, 0x0F, 0x00, 0x00, 0x98, 0x0F, 0x00, 0x00, 0x98, 0x0F, 0x00, 0x00,
    0xA0, 0x0F, 0x00, 0x00, 0x00, 0x00, 0x00, 0x00, 0xA4, 0x0F, 0x00, 0x00, 0xAC, 0x0F, 0x00, 0x00,
    0x05, 0x00, 0x00, 0x00, 0xAC, 0x0F, 0x00, 0x00, 0xAC, 0x0F, 0x00, 0x00, 0xB4, 0x0F, 0x00, 0x00,
    0xBC, 0x0F, 0x00, 0x00, 0xC4, 0x0F, 0x00, 0x00, 0xC4, 0x0F, 0x00, 0x00, 0xC4, 0x0F, 0x00, 0x00,
    0xC4, 0x0F, 0x00, 0x00, 0xCC, 0x0F, 0x00, 0x00, 0xCC, 0x0F, 0x00, 0x00, 0xCC, 0x0F, 0x00, 0x00,
    0xCC, 0x0F, 0x00, 0x00, 0xCC, 0x0F, 0x00, 0x00, 0xCC, 0x0F, 0x00, 0x00, 0xCC, 0x0F, 0x00, 0x00,
    0xCC, 0x0F, 0x00, 0x00, 0xCC, 0x0F, 0x00, 0x00, 0xCC, 0x0F, 0x00, 0x00, 0xCC, 0x0F, 0x00, 0x00,
    0xCC, 0x0F, 0x00, 0x00, 0xCC, 0x0F, 0x00, 0x00, 0xCC, 0x0F, 0x00, 0x00, 0xCC, 0x0F, 0x00, 0x00,
    0xCC, 0x0F, 0x00, 0x00, 0xCC, 0x0F, 0x00, 0x00, 0xCC, 0x0F, 0x00, 0x00, 0xCC, 0x0F, 0x00, 0x00,
    0xCC, 0x0F, 0x00, 0x00, 0xCC, 0x0F, 0x00, 0x00, 0xCC, 0x0F, 0x00, 0x00, 0xCC, 0x0F, 0x00, 0x00,
    0xCC, 0x0F, 0x00, 0x00, 0xCC, 0x0F, 0x00, 0x00, 0xCC, 0x0F, 0x00, 0x00, 0xCC, 0x0F, 0x00, 0x00,
    0xCC, 0x0F, 0x00, 0x00, 0xCC, 0x0F, 0x00, 0x00, 0xCC, 0x0F, 0x00, 0x00, 0xD4, 0x0F, 0x00, 0x00,
    0xD4, 0x0F, 0x00, 0x00, 0xD4, 0x0F, 0x00, 0x00, 0xD4, 0x0F, 0x00, 0x00, 0xDC, 0x0F, 0x00, 0x00,
    0xDC, 0x0F, 0x00, 0x00, 0xDC, 0x0F, 0x00, 0x00, 0xDC, 0x0F, 0x00, 0x00, 0xDC, 0x0F, 0x00, 0x00,
    0xDC, 0x0F, 0x00, 0x00, 0xDC, 0x0F, 0x00, 0x00, 0xDC, 0x0F, 0x00, 0x00, 0xDC, 0x0F, 0x00, 0x00,
    0xDC, 0x0F, 0x00, 0x00, 0xDC, 0x0F, 0x00, 0x00, 0xE4, 0x0F, 0x00, 0x00, 0xE4, 0x0F, 0x00, 0x00,
    0xE4, 0x0F, 0x00, 0x00, 0xE4, 0x0F, 0x00, 0x00, 0xE4, 0x0F, 0x00, 0x00, 0xE4, 0x0F, 0x00, 0x00,
    0xE4, 0x0F, 0x00, 0x00, 0xE4, 0x0F, 0x00, 0x00, 0xE4, 0x0F, 0x00, 0x00, 0xE4, 0x0F, 0x00, 0x00,
    0xE4, 0x0F, 0x00, 0x00, 0xEC, 0x0F, 0x00, 0x00, 0xEC, 0x0F, 0x00, 0x00, 0xEC, 0x0F, 0x00, 0x00,
    0xEC, 0x0F, 0x00, 0x00, 0xEC, 0x0F, 0x00, 0x00, 0xEC, 0x0F, 0x00, 0x00, 0xEC, 0x0F, 0x00, 0x00,
    0xF4, 0x0F, 0x00, 0x00, 0xF4, 0x0F, 0x00, 0x00, 0xF4, 0x0F, 0x00, 0x00, 0xF4, 0x0F, 0x00, 0x00,
    0xF4, 0x0F, 0x00, 0x00, 0xF4, 0x0F, 0x00, 0x00, 0xF4, 0x0F, 0x00, 0x00, 0xF4, 0x0F, 0x00, 0x00,
    0xF4, 0x0F, 0x00, 0x00, 0xF4, 0x0F, 0x00, 0x00, 0x18, 0x10, 0x00, 0x00, 0x18, 0x10, 0x00, 0x00,
    0x18, 0x10, 0x00, 0x00, 0x18, 0x10, 0x00, 0x00, 0x06, 0x00, 0x00, 0x00, 0x38, 0x10, 0x00, 0x00,
    0x40, 0x10, 0x00, 0x00, 0x44, 0x10, 0x00, 0x00, 0x44, 0x10, 0x00, 0x00, 0x4C, 0x10, 0x00, 0x00,
    0x01, 0x00, 0x00, 0x00, 0x50, 0x10, 0x00, 0x00, 0x58, 0x10, 0x00, 0x00, 0x60, 0x10, 0x00, 0x00,
    0x60, 0x10, 0x00, 0x00, 0x68, 0x10, 0x00, 0x00, 0x09, 0x00, 0x00, 0x00, 0x6C, 0x10, 0x00, 0x00,
    0x74, 0x10, 0x00, 0x00, 0x7C, 0x10, 0x00, 0x00, 0x0A, 0x00, 0x00, 0x00, 0x80, 0x10, 0x00, 0x00,
    0x88, 0x10, 0x00, 0x00, 0x90, 0x10, 0x00, 0x00, 0x03, 0x00, 0x00, 0x00, 0x94, 0x10, 0x00, 0x00,
    0x9C, 0x10, 0x00, 0x00, 0x0B, 0x00, 0x00, 0x00, 0x9C, 0x10, 0x00, 0x00, 0xA4, 0x10, 0x00, 0x00,
    0xA8, 0x10, 0x00, 0x00, 0xA8, 0x10, 0x00, 0x00, 0xB0, 0x10, 0x00, 0x00, 0x08, 0x00, 0x00, 0x00,
    0xB4, 0x10, 0x00, 0x00, 0xBC, 0x10, 0x00, 0x00, 0x0D, 0x00, 0x00, 0x00, 0xBC, 0x10, 0x00, 0x00,
    0xC4, 0x10, 0x00, 0x00, 0xCC, 0x10, 0x00, 0x00, 0x0E, 0x00, 0x00, 0x00, 0xD0, 0x10, 0x00, 0x00,
    0xD8, 0x10, 0x00, 0x00, 0xE0, 0x10, 0x00, 0x00, 0x0C, 0x00, 0x00, 0x00, 0xE4, 0x10, 0x00, 0x00,
    0xE4, 0x10, 0x00, 0x00, 0xEC, 0x10, 0x00, 0x00, 0xF4, 0x10, 0x00, 0x00, 0x0F, 0x00, 0x00, 0x00,
    0xF8, 0x10, 0x00, 0x00, 0xF8, 0x10, 0x00, 0x00, 0x00, 0x11, 0x00, 0x00, 0x08, 0x11, 0x00, 0x00,
    0x10, 0x00, 0x00, 0x00, 0x0C, 0x11, 0x00, 0x00, 0x0C, 0x11, 0x00, 0x00, 0x14, 0x11, 0x00, 0x00,
    0x1C, 0x11, 0x00, 0x00, 0x02, 0x00, 0x00, 0x00, 0x20, 0x11, 0x00, 0x00, 0x20, 0x11, 0x00, 0x00,
    0x28, 0x11, 0x00, 0x00, 0x30, 0x11, 0x00, 0x00, 0x04, 0x00, 0x00, 0x00, 0x34, 0x11, 0x00, 0x00,
    0x3C, 0x11, 0x00, 0x00, 0x00, 0x00, 0x00, 0x00, 0x3C, 0x11, 0x00, 0x00, 0x44, 0x11, 0x00, 0x00,
    0x11, 0x00, 0x00, 0x00, 0x44, 0x11, 0x00, 0x00, 0x44, 0x11, 0x00, 0x00, 0x4C, 0x11, 0x00, 0x00,
    0x54, 0x11, 0x00, 0x00, 0x13, 0x00, 0x00, 0x00, 0x58, 0x11, 0x00, 0x00, 0x60, 0x11, 0x00, 0x00,
    0x12, 0x00, 0x00, 0x00, 0x64, 0x11, 0x00, 0x00, 0x6C, 0x11, 0x00, 0x00, 0x07, 0x00, 0x00, 0x00,
    0x70, 0x11, 0x00, 0x00, 0x15, 0x00, 0x00, 0x00, 0x74, 0x11, 0x00, 0x00, 0x74, 0x11, 0x00, 0x00,
    0x14, 0x00, 0x00, 0x00, 0x78, 0x11, 0x00, 0x00, 0x80, 0x11, 0x00, 0x00, 0x05, 0x00, 0x00, 0x00,
    0x80, 0x11, 0x00, 0x00, 0x88, 0x11, 0x00, 0x00, 0x90, 0x11, 0x00, 0x00, 0x90, 0x11, 0x00, 0x00,
    0x90, 0x11, 0x00, 0x00, 0x90, 0x11, 0x00, 0x00, 0x98, 0x11, 0x00, 0x00, 0x98, 0x11, 0x00, 0x00,
    0x98, 0x11, 0x00, 0x00, 0x98, 0x11, 0x00, 0x00, 0x98, 0x11, 0x00, 0x00, 0x98, 0x11, 0x00, 0x00,
    0x98, 0x11, 0x00, 0x00, 0x98, 0x11, 0x00, 0x00, 0x98, 0x11, 0x00, 0x00, 0x98, 0x11, 0x00, 0x00,
    0x98, 0x11, 0x00, 0x00, 0xA0, 0x11, 0x00, 0x00, 0xA0, 0x11, 0x00, 0x00, 0xA0, 0x11, 0x00, 0x00,
    0xA0, 0x11, 0x00, 0x00, 0xA0, 0x11, 0x00, 0x00, 0xA0, 0x11, 0x00, 0x00, 0xA0, 0x11, 0x00, 0x00,
    0x01, 0x00, 0x00, 0x00, 0x9C, 0x11, 0x00, 0x00, 0xA4, 0x11, 0x00, 0x00, 0xAC, 0x11, 0x00, 0x00,
    0xAC, 0x11, 0x00, 0x00, 0xB4, 0x11, 0x00, 0x00, 0x02, 0x00, 0x00, 0x00, 0xB8, 0x11, 0x00, 0x00,
    0xB8, 0x11, 0x00, 0x00, 0xC0, 0x11, 0x00, 0x00, 0xC8, 0x11, 0x00, 0x00, 0x03, 0x00, 0x00, 0x00,
    0xCC, 0x11, 0x00, 0x00, 0xD4, 0x11, 0x00, 0x00, 0x00, 0x00, 0x00, 0x00, 0xD8, 0x11, 0x00, 0x00,
    0xD8, 0x11, 0x00, 0x00, 0xD8, 0x11, 0x00, 0x00, 0xD8, 0x11, 0x00, 0x00, 0xE0, 0x11, 0x00, 0x00,
    0xE0, 0x11, 0x00, 0x00, 0xE0, 0x11, 0x00, 0x00, 0xE0, 0x11, 0x00, 0x00, 0xE0, 0x11, 0x00, 0x00,
    0xE0, 0x11, 0x00, 0x00, 0xE0, 0x11, 0x00, 0x00, 0xE0, 0x11, 0x00, 0x00, 0xE0, 0x11, 0x00, 0x00,
    0xE0, 0x11, 0x00, 0x00, 0xE8, 0x11, 0x00, 0x00, 0xE8, 0x11, 0x00, 0x00, 0xE8, 0x11, 0x00, 0x00,
    0xE8, 0x11, 0x00, 0x00, 0xE8, 0x11, 0x00, 0x00, 0xE8, 0x11, 0x00, 0x00, 0xE8, 0x11, 0x00, 0x00,
    0xF0, 0x11, 0x00, 0x00, 0xF0, 0x11, 0x00, 0x00, 0xF0, 0x11, 0x00, 0x00, 0xF0, 0x11, 0x00, 0x00,
    0xF0, 0x11, 0x00, 0x00, 0xF0, 0x11, 0x00, 0x00, 0xF0, 0x11, 0x00, 0x00, 0xF0, 0x11, 0x00, 0x00,
    0xF0, 0x11, 0x00, 0x00, 0xF0, 0x11, 0x00, 0x00, 0xF0, 0x11, 0x00, 0x00, 0xF0, 0x11, 0x00, 0x00,
    0xF0, 0x11, 0x00, 0x00, 0xF8, 0x11, 0x00, 0x00, 0xF8, 0x11, 0x00, 0x00, 0xF8, 0x11, 0x00, 0x00,
    0xF8, 0x11, 0x00, 0x00, 0xF8, 0x11, 0x00, 0x00, 0xF8, 0x11, 0x00, 0x00, 0xF8, 0x11, 0x00, 0x00,
    0x00, 0x12, 0x00, 0x00, 0x00, 0x12, 0x00, 0x00, 0x00, 0x12, 0x00, 0x00, 0x00, 0x00, 0x00, 0x00,
    0xFC, 0x11, 0x00, 0x00, 0x04, 0x12, 0x00, 0x00, 0x01, 0x00, 0x00, 0x00, 0x08, 0x12, 0x00, 0x00,
    0x10, 0x12, 0x00, 0x00, 0x02, 0x00, 0x00, 0x00, 0x14, 0x12, 0x00, 0x00, 0x1C, 0x12, 0x00, 0x00,
    0x07, 0x00, 0x00, 0x00, 0x20, 0x12, 0x00, 0x00, 0x04, 0x00, 0x00, 0x00, 0x24, 0x12, 0x00, 0x00,
    0x2C, 0x12, 0x00, 0x00, 0x03, 0x00, 0x00, 0x00, 0x30, 0x12, 0x00, 0x00, 0x38, 0x12, 0x00, 0x00,
    0x08, 0x00, 0x00, 0x00, 0x3C, 0x12, 0x00, 0x00, 0x05, 0x00, 0x00, 0x00, 0x40, 0x12, 0x00, 0x00,
    0x06, 0x00, 0x00, 0x00, 0x44, 0x12, 0x00, 0x00, 0x4C, 0x12, 0x00, 0x00, 0x4C, 0x12, 0x00, 0x00,
    0x54, 0x12, 0x00, 0x00, 0x09, 0x00, 0x00, 0x00, 0x58, 0x12, 0x00, 0x00, 0x58, 0x12, 0x00, 0x00,
    0x60, 0x12, 0x00, 0x00, 0x68, 0x12, 0x00, 0x00, 0x0A, 0x00, 0x00, 0x00, 0x6C, 0x12, 0x00, 0x00,
    0x74, 0x12, 0x00, 0x00, 0x7C, 0x12, 0x00, 0x00, 0x7C, 0x12, 0x00, 0x00, 0x7C, 0x12, 0x00, 0x00,
    0x7C, 0x12, 0x00, 0x00, 0x7C, 0x12, 0x00, 0x00, 0x7C, 0x12, 0x00, 0x00, 0x7C, 0x12, 0x00, 0x00,
    0x7C, 0x12, 0x00, 0x00, 0x7C, 0x12, 0x00, 0x00, 0x7C, 0x12, 0x00, 0x00, 0x84, 0x12, 0x00, 0x00,
    0x84, 0x12, 0x00, 0x00, 0x84, 0x12, 0x00, 0x00, 0x84, 0x12, 0x00, 0x00, 0x84, 0x12, 0x00, 0x00,
    0x84, 0x12, 0x00, 0x00, 0x84, 0x12, 0x00, 0x00, 0x84, 0x12, 0x00, 0x00, 0x84, 0x12, 0x00, 0x00,
    0x84, 0x12, 0x00, 0x00, 0x84, 0x12, 0x00, 0x00, 0x84, 0x12, 0x00, 0x00, 0x84, 0x12, 0x00, 0x00,
    0x84, 0x12, 0x00, 0x00, 0x84, 0x12, 0x00, 0x00, 0x84, 0x12, 0x00, 0x00, 0x8C, 0x12, 0x00, 0x00,
    0x8C, 0x12, 0x00, 0x00, 0x8C, 0x12, 0x00, 0x00, 0x8C, 0x12, 0x00, 0x00, 0x8C, 0x12, 0x00, 0x00,
    0x8C, 0x12, 0x00, 0x00, 0x8C, 0x12, 0x00, 0x00, 0x8C, 0x12, 0x00, 0x00, 0x94, 0x12, 0x00, 0x00,
    0x9C, 0x12, 0x00, 0x00, 0x9C, 0x12, 0x00, 0x00, 0x9C, 0x12, 0x00, 0x00, 0x9C, 0x12, 0x00, 0x00,
    0x9C, 0x12, 0x00, 0x00, 0x9C, 0x12, 0x00, 0x00, 0x9C, 0x12, 0x00, 0x00, 0xA4, 0x12, 0x00, 0x00,
    0xAC, 0x12, 0x00, 0x00, 0xAC, 0x12, 0x00, 0x00, 0xAC, 0x12, 0x00, 0x00, 0xAC, 0x12, 0x00, 0x00,
    0xAC, 0x12, 0x00, 0x00, 0xAC, 0x12, 0x00, 0x00, 0xAC, 0x12, 0x00, 0x00, 0xAC, 0x12, 0x00, 0x00,
    0xAC, 0x12, 0x00, 0x00, 0xAC, 0x12, 0x00, 0x00, 0xB4, 0x12, 0x00, 0x00, 0xB4, 0x12, 0x00, 0x00,
    0xB4, 0x12, 0x00, 0x00, 0xB4, 0x12, 0x00, 0x00, 0xB4, 0x12, 0x00, 0x00, 0xB4, 0x12, 0x00, 0x00,
    0xB4, 0x12, 0x00, 0x00, 0xB4, 0x12, 0x00, 0x00, 0xB4, 0x12, 0x00, 0x00, 0xB4, 0x12, 0x00, 0x00,
    0xB4, 0x12, 0x00, 0x00, 0xB4, 0x12, 0x00, 0x00, 0xB4, 0x12, 0x00, 0x00, 0xBC, 0x12, 0x00, 0x00,
    0xBC, 0x12, 0x00, 0x00, 0xBC, 0x12, 0x00, 0x00, 0xBC, 0x12, 0x00, 0x00, 0xBC, 0x12, 0x00, 0x00,
    0xBC, 0x12, 0x00, 0x00, 0xBC, 0x12, 0x00, 0x00, 0xBC, 0x12, 0x00, 0x00, 0xC4, 0x12, 0x00, 0x00,
    0xCC, 0x12, 0x00, 0x00, 0xCC, 0x12, 0x00, 0x00, 0xCC, 0x12, 0x00, 0x00, 0xCC, 0x12, 0x00, 0x00,
    0xCC, 0x12, 0x00, 0x00, 0xCC, 0x12, 0x00, 0x00, 0xCC, 0x12, 0x00, 0x00, 0xD4, 0x12, 0x00, 0x00,
    0xDC, 0x12, 0x00, 0x00, 0xDC, 0x12, 0x00, 0x00, 0xDC, 0x12, 0x00, 0x00, 0xDC, 0x12, 0x00, 0x00,
    0xDC, 0x12, 0x00, 0x00, 0xDC, 0x12, 0x00, 0x00, 0xDC, 0x12, 0x00, 0x00, 0xDC, 0x12, 0x00, 0x00,
    0xDC, 0x12, 0x00, 0x00, 0xDC, 0x12, 0x00, 0x00, 0xE4, 0x12, 0x00, 0x00, 0xE4, 0x12, 0x00, 0x00,
    0xE4, 0x12, 0x00, 0x00, 0xE4, 0x12, 0x00, 0x00, 0xE4, 0x12, 0x00, 0x00, 0xE4, 0x12, 0x00, 0x00,
    0xE4, 0x12, 0x00, 0x00, 0xE4, 0x12, 0x00, 0x00, 0xE4, 0x12, 0x00, 0x00, 0xE4, 0x12, 0x00, 0x00,
    0xE4, 0x12, 0x00, 0x00, 0xE4, 0x12, 0x00, 0x00, 0xE4, 0x12, 0x00, 0x00, 0xE4, 0x12, 0x00, 0x00,
    0xE4, 0x12, 0x00, 0x00, 0xE4, 0x12, 0x00, 0x00, 0xE4, 0x12, 0x00, 0x00, 0xE4, 0x12, 0x00, 0x00,
    0xE4, 0x12, 0x00, 0x00, 0xE4, 0x12, 0x00, 0x00, 0xE4, 0x12, 0x00, 0x00, 0xE4, 0x12, 0x00, 0x00,
    0xE4, 0x12, 0x00, 0x00, 0xE4, 0x12, 0x00, 0x00, 0xE4, 0x12, 0x00, 0x00, 0xE4, 0x12, 0x00, 0x00,
    0xE4, 0x12, 0x00, 0x00, 0xEC, 0x12, 0x00, 0x00, 0xEC, 0x12, 0x00, 0x00, 0xEC, 0x12, 0x00, 0x00,
    0xEC, 0x12, 0x00, 0x00, 0xEC, 0x12, 0x00, 0x00, 0xEC, 0x12, 0x00, 0x00, 0xEC, 0x12, 0x00, 0x00,
    0xEC, 0x12, 0x00, 0x00, 0xEC, 0x12, 0x00, 0x00, 0xEC, 0x12, 0x00, 0x00, 0xEC, 0x12, 0x00, 0x00,
    0xEC, 0x12, 0x00, 0x00, 0xEC, 0x12, 0x00, 0x00, 0xEC, 0x12, 0x00, 0x00, 0xEC, 0x12, 0x00, 0x00,
    0xEC, 0x12, 0x00, 0x00, 0xEC, 0x12, 0x00, 0x00, 0xEC, 0x12, 0x00, 0x00, 0xEC, 0x12, 0x00, 0x00,
    0xEC, 0x12, 0x00, 0x00, 0xEC, 0x12, 0x00, 0x00, 0xEC, 0x12, 0x00, 0x00, 0xEC, 0x12, 0x00, 0x00,
    0xEC, 0x12, 0x00, 0x00, 0xF4, 0x12, 0x00, 0x00, 0xF4, 0x12, 0x00, 0x00, 0xF4, 0x12, 0x00, 0x00,
    0xF4, 0x12, 0x00, 0x00, 0xF4, 0x12, 0x00, 0x00, 0xF4, 0x12, 0x00, 0x00, 0xF4, 0x12, 0x00, 0x00,
    0xF4, 0x12, 0x00, 0x00, 0xF4, 0x12, 0x00, 0x00, 0xF4, 0x12, 0x00, 0x00, 0xF4, 0x12, 0x00, 0x00,
    0xF4, 0x12, 0x00, 0x00, 0xF4, 0x12, 0x00, 0x00, 0xF4, 0x12, 0x00, 0x00, 0xFC, 0x12, 0x00, 0x00,
    0xFC, 0x12, 0x00, 0x00, 0xFC, 0x12, 0x00, 0x00, 0xFC, 0x12, 0x00, 0x00, 0xFC, 0x12, 0x00, 0x00,
    0xFC, 0x12, 0x00, 0x00, 0xFC, 0x12, 0x00, 0x00, 0xFC, 0x12, 0x00, 0x00, 0xFC, 0x12, 0x00, 0x00,
    0xFC, 0x12, 0x00, 0x00, 0xFC, 0x12, 0x00, 0x00, 0x04, 0x13, 0x00, 0x00, 0x04, 0x13, 0x00, 0x00,
    0x04, 0x13, 0x00, 0x00, 0x04, 0x13, 0x00, 0x00, 0x04, 0x13, 0x00, 0x00, 0x04, 0x13, 0x00, 0x00,
    0x04, 0x13, 0x00, 0x00, 0x04, 0x13, 0x00, 0x00, 0x04, 0x13, 0x00, 0x00, 0x04, 0x13, 0x00, 0x00,
    0x04, 0x13, 0x00, 0x00, 0x0C, 0x13, 0x00, 0x00, 0x0C, 0x13, 0x00, 0x00, 0x0C, 0x13, 0x00, 0x00,
    0x0C, 0x13, 0x00, 0x00, 0x00, 0x00, 0x00, 0x00, 0x10, 0x13, 0x00, 0x00, 0x18, 0x13, 0x00, 0x00,
    0x01, 0x00, 0x00, 0x00, 0x1C, 0x13, 0x00, 0x00, 0x24, 0x13, 0x00, 0x00, 0x04, 0x00, 0x00, 0x00,
    0x24, 0x13, 0x00, 0x00, 0x2C, 0x13, 0x00, 0x00, 0x05, 0x00, 0x00, 0x00, 0x2C, 0x13, 0x00, 0x00,
    0x34, 0x13, 0x00, 0x00, 0x02, 0x00, 0x00, 0x00, 0x34, 0x13, 0x00, 0x00, 0x3C, 0x13, 0x00, 0x00,
    0x06, 0x00, 0x00, 0x00, 0x3C, 0x13, 0x00, 0x00, 0x44, 0x13, 0x00, 0x00, 0x03, 0x00, 0x00, 0x00,
    0x44, 0x13, 0x00, 0x00, 0x4C, 0x13, 0x00, 0x00, 0x50, 0x13, 0x00, 0x00, 0x50, 0x13, 0x00, 0x00,
    0x58, 0x13, 0x00, 0x00, 0x60, 0x13, 0x00, 0x00, 0x60, 0x13, 0x00, 0x00, 0x68, 0x13, 0x00, 0x00,
    0x70, 0x13, 0x00, 0x00, 0x70, 0x13, 0x00, 0x00, 0x78, 0x13, 0x00, 0x00, 0x11, 0x00, 0x00, 0x00,
    0x7C, 0x13, 0x00, 0x00, 0x84, 0x13, 0x00, 0x00, 0x88, 0x13, 0x00, 0x00, 0x88, 0x13, 0x00, 0x00,
    0x90, 0x13, 0x00, 0x00, 0x13, 0x00, 0x00, 0x00, 0x94, 0x13, 0x00, 0x00, 0x9C, 0x13, 0x00, 0x00,
    0xA0, 0x13, 0x00, 0x00, 0xA0, 0x13, 0x00, 0x00, 0xA8, 0x13, 0x00, 0x00, 0x15, 0x00, 0x00, 0x00,
    0xAC, 0x13, 0x00, 0x00, 0xB4, 0x13, 0x00, 0x00, 0x16, 0x00, 0x00, 0x00, 0xB8, 0x13, 0x00, 0x00,
    0xC0, 0x13, 0x00, 0x00, 0x17, 0x00, 0x00, 0x00, 0xC0, 0x13, 0x00, 0x00, 0xC8, 0x13, 0x00, 0x00,
    0x18, 0x00, 0x00, 0x00, 0xCC, 0x13, 0x00, 0x00, 0xD4, 0x13, 0x00, 0x00, 0xD8, 0x13, 0x00, 0x00,
    0xD8, 0x13, 0x00, 0x00, 0xE0, 0x13, 0x00, 0x00, 0x1A, 0x00, 0x00, 0x00, 0xE4, 0x13, 0x00, 0x00,
    0xEC, 0x13, 0x00, 0x00, 0x1B, 0x00, 0x00, 0x00, 0xF0, 0x13, 0x00, 0x00, 0xF8, 0x13, 0x00, 0x00,
    0x1C, 0x00, 0x00, 0x00, 0xF8, 0x13, 0x00, 0x00, 0x00, 0x14, 0x00, 0x00, 0x1D, 0x00, 0x00, 0x00,
    0x04, 0x14, 0x00, 0x00, 0x0C, 0x14, 0x00, 0x00, 0x10, 0x14, 0x00, 0x00, 0x10, 0x14, 0x00, 0x00,
    0x18, 0x14, 0x00, 0x00, 0x1F, 0x00, 0x00, 0x00, 0x1C, 0x14, 0x00, 0x00, 0x24, 0x14, 0x00, 0x00,
    0x20, 0x00, 0x00, 0x00, 0x28, 0x14, 0x00, 0x00, 0x30, 0x14, 0x00, 0x00, 0x21, 0x00, 0x00, 0x00,
    0x30, 0x14, 0x00, 0x00, 0x38, 0x14, 0x00, 0x00, 0x22, 0x00, 0x00, 0x00, 0x3C, 0x14, 0x00, 0x00,
    0x44, 0x14, 0x00, 0x00, 0x23, 0x00, 0x00, 0x00, 0x44, 0x14, 0x00, 0x00, 0x4C, 0x14, 0x00, 0x00,
    0x54, 0x14, 0x00, 0x00, 0x0A, 0x00, 0x00, 0x00, 0x58, 0x14, 0x00, 0x00, 0x60, 0x14, 0x00, 0x00,
    0x09, 0x00, 0x00, 0x00, 0x64, 0x14, 0x00, 0x00, 0x6C, 0x14, 0x00, 0x00, 0x07, 0x00, 0x00, 0x00,
    0x70, 0x14, 0x00, 0x00, 0x78, 0x14, 0x00, 0x00, 0x0B, 0x00, 0x00, 0x00, 0x7C, 0x14, 0x00, 0x00,
    0x84, 0x14, 0x00, 0x00, 0x0C, 0x00, 0x00, 0x00, 0x88, 0x14, 0x00, 0x00, 0x90, 0x14, 0x00, 0x00,
    0x98, 0x14, 0x00, 0x00, 0x08, 0x00, 0x00, 0x00, 0x9C, 0x14, 0x00, 0x00, 0xA4, 0x14, 0x00, 0x00,
    0xA8, 0x14, 0x00, 0x00, 0xA8, 0x14, 0x00, 0x00, 0xB0, 0x14, 0x00, 0x00, 0x25, 0x00, 0x00, 0x00,
    0xB4, 0x14, 0x00, 0x00, 0xB4, 0x14, 0x00, 0x00, 0xB4, 0x14, 0x00, 0x00, 0xB4, 0x14, 0x00, 0x00,
    0xBC, 0x14, 0x00, 0x00, 0xC4, 0x14, 0x00, 0x00, 0xCC, 0x14, 0x00, 0x00, 0xCC, 0x14, 0x00, 0x00,
    0xD4, 0x14, 0x00, 0x00, 0xDC, 0x14, 0x00, 0x00, 0xDC, 0x14, 0x00, 0x00, 0xE4, 0x14, 0x00, 0x00,
    0x26, 0x00, 0x00, 0x00, 0xE8, 0x14, 0x00, 0x00, 0xF0, 0x14, 0x00, 0x00, 0x27, 0x00, 0x00, 0x00,
    0xF4, 0x14, 0x00, 0x00, 0xFC, 0x14, 0x00, 0x00, 0x04, 0x15, 0x00, 0x00, 0x28, 0x00, 0x00, 0x00,
    0x08, 0x15, 0x00, 0x00, 0x10, 0x15, 0x00, 0x00, 0x29, 0x00, 0x00, 0x00, 0x10, 0x15, 0x00, 0x00,
    0x18, 0x15, 0x00, 0x00, 0x0D, 0x00, 0x00, 0x00, 0x18, 0x15, 0x00, 0x00, 0x20, 0x15, 0x00, 0x00,
    0x28, 0x15, 0x00, 0x00, 0x28, 0x15, 0x00, 0x00, 0x30, 0x15, 0x00, 0x00, 0x2A, 0x00, 0x00, 0x00,
    0x34, 0x15, 0x00, 0x00, 0x34, 0x15, 0x00, 0x00, 0x3C, 0x15, 0x00, 0x00, 0x44, 0x15, 0x00, 0x00,
    0x2B, 0x00, 0x00, 0x00, 0x48, 0x15, 0x00, 0x00, 0x50, 0x15, 0x00, 0x00, 0x58, 0x15, 0x00, 0x00,
    0x60, 0x15, 0x00, 0x00, 0x12, 0x00, 0x00, 0x00, 0x64, 0x15, 0x00, 0x00, 0x64, 0x15, 0x00, 0x00,
    0x6C, 0x15, 0x00, 0x00, 0x74, 0x15, 0x00, 0x00, 0x10, 0x00, 0x00, 0x00, 0x78, 0x15, 0x00, 0x00,
    0x78, 0x15, 0x00, 0x00, 0x80, 0x15, 0x00, 0x00, 0x88, 0x15, 0x00, 0x00, 0x2C, 0x00, 0x00, 0x00,
    0x8C, 0x15, 0x00, 0x00, 0x94, 0x15, 0x00, 0x00, 0x98, 0x15, 0x00, 0x00, 0x9C, 0x15, 0x00, 0x00,
    0x14, 0x00, 0x00, 0x00, 0x9C, 0x15, 0x00, 0x00, 0x9C, 0x15, 0x00, 0x00, 0xA4, 0x15, 0x00, 0x00,
    0xAC, 0x15, 0x00, 0x00, 0x19, 0x00, 0x00, 0x00, 0xB0, 0x15, 0x00, 0x00, 0xB0, 0x15, 0x00, 0x00,
    0xB8, 0x15, 0x00, 0x00, 0xC0, 0x15, 0x00, 0x00, 0x1E, 0x00, 0x00, 0x00, 0xC4, 0x15, 0x00, 0x00,
    0xC4, 0x15, 0x00, 0x00, 0xCC, 0x15, 0x00, 0x00, 0xD4, 0x15, 0x00, 0x00, 0x24, 0x00, 0x00, 0x00,
    0x0F, 0x00, 0x00, 0x00, 0xD4, 0x15, 0x00, 0x00, 0x0E, 0x00, 0x00, 0x00, 0xD8, 0x15, 0x00, 0x00,
    0xD8, 0x15, 0x00, 0x00, 0xD8, 0x15, 0x00, 0x00, 0xD8, 0x15, 0x00, 0x00, 0xE0, 0x15, 0x00, 0x00,
    0xE0, 0x15, 0x00, 0x00, 0xE0, 0x15, 0x00, 0x00, 0xE0, 0x15, 0x00, 0x00, 0xE0, 0x15, 0x00, 0x00,
    0xE0, 0x15, 0x00, 0x00, 0xE0, 0x15, 0x00, 0x00, 0xE0, 0x15, 0x00, 0x00, 0xE0, 0x15, 0x00, 0x00,
    0xE0, 0x15, 0x00, 0x00, 0xE0, 0x15, 0x00, 0x00, 0xE0, 0x15, 0x00, 0x00, 0xE0, 0x15, 0x00, 0x00,
    0x00, 0x00, 0x00, 0x00, 0xDC, 0x15, 0x00, 0x00, 0xE4, 0x15, 0x00, 0x00, 0xEC, 0x15, 0x00, 0x00,
    0xEC, 0x15, 0x00, 0x00, 0xEC, 0x15, 0x00, 0x00, 0xEC, 0x15, 0x00, 0x00, 0xF4, 0x15, 0x00, 0x00,
    0xF4, 0x15, 0x00, 0x00, 0xF4, 0x15, 0x00, 0x00, 0xF4, 0x15, 0x00, 0x00, 0xF4, 0x15, 0x00, 0x00,
    0xF4, 0x15, 0x00, 0x00, 0xF4, 0x15, 0x00, 0x00, 0xF4, 0x15, 0x00, 0x00, 0xF4, 0x15, 0x00, 0x00,
    0xF4, 0x15, 0x00, 0x00, 0xF4, 0x15, 0x00, 0x00, 0xF4, 0x15, 0x00, 0x00, 0xF4, 0x15, 0x00, 0x00,
    0xF4, 0x15, 0x00, 0x00, 0xFC, 0x15, 0x00, 0x00, 0xFC, 0x15, 0x00, 0x00, 0xFC, 0x15, 0x00, 0x00,
    0x00, 0x00, 0x00, 0x00, 0xF8, 0x15, 0x00, 0x00, 0x00, 0x16, 0x00, 0x00, 0x02, 0x00, 0x00, 0x00,
    0x04, 0x16, 0x00, 0x00, 0x01, 0x00, 0x00, 0x00, 0x08, 0x16, 0x00, 0x00, 0x10, 0x16, 0x00, 0x00,
    0x10, 0x16, 0x00, 0x00, 0x10, 0x16, 0x00, 0x00, 0x10, 0x16, 0x00, 0x00, 0x18, 0x16, 0x00, 0x00,
    0x18, 0x16, 0x00, 0x00, 0x18, 0x16, 0x00, 0x00, 0x18, 0x16, 0x00, 0x00, 0x18, 0x16, 0x00, 0x00,
    0x18, 0x16, 0x00, 0x00, 0x18, 0x16, 0x00, 0x00, 0x18, 0x16, 0x00, 0x00, 0x18, 0x16, 0x00, 0x00,
    0x18, 0x16, 0x00, 0x00, 0x18, 0x16, 0x00, 0x00, 0x18, 0x16, 0x00, 0x00, 0x18, 0x16, 0x00, 0x00,
    0x00, 0x00, 0x00, 0x00, 0x14, 0x16, 0x00, 0x00, 0x1C, 0x16, 0x00, 0x00, 0x01, 0x00, 0x00, 0x00,
    0x20, 0x16, 0x00, 0x00, 0x28, 0x16, 0x00, 0x00, 0x28, 0x16, 0x00, 0x00, 0x30, 0x16, 0x00, 0x00,
    0x02, 0x00, 0x00, 0x00, 0x34, 0x16, 0x00, 0x00, 0x34, 0x16, 0x00, 0x00, 0x3C, 0x16, 0x00, 0x00,
    0x44, 0x16, 0x00, 0x00, 0x03, 0x00, 0x00, 0x00, 0x48, 0x16, 0x00, 0x00, 0x50, 0x16, 0x00, 0x00,
    0x58, 0x16, 0x00, 0x00, 0x58, 0x16, 0x00, 0x00, 0x60, 0x16, 0x00, 0x00, 0x68, 0x16, 0x00, 0x00,
    0x68, 0x16, 0x00, 0x00, 0x68, 0x16, 0x00, 0x00, 0x01, 0x00, 0x00, 0x00, 0x64, 0x16, 0x00, 0x00,
    0x6C, 0x16, 0x00, 0x00, 0x02, 0x00, 0x00, 0x00, 0x70, 0x16, 0x00, 0x00, 0x78, 0x16, 0x00, 0x00,
    0x00, 0x00, 0x00, 0x00, 0x7C, 0x16, 0x00, 0x00, 0x7C, 0x16, 0x00, 0x00, 0x84, 0x16, 0x00, 0x00,
    0x8C, 0x16, 0x00, 0x00, 0x03, 0x00, 0x00, 0x00, 0x90, 0x16, 0x00, 0x00, 0x90, 0x16, 0x00, 0x00,
    0x98, 0x16, 0x00, 0x00, 0xA0, 0x16, 0x00, 0x00, 0xA8, 0x16, 0x00, 0x00, 0xA8, 0x16, 0x00, 0x00,
    0xA8, 0x16, 0x00, 0x00, 0xA8, 0x16, 0x00, 0x00, 0xA8, 0x16, 0x00, 0x00, 0xA8, 0x16, 0x00, 0x00,
    0xA8, 0x16, 0x00, 0x00, 0xA8, 0x16, 0x00, 0x00, 0xA8, 0x16, 0x00, 0x00, 0xA8, 0x16, 0x00, 0x00,
    0xA8, 0x16, 0x00, 0x00, 0xA8, 0x16, 0x00, 0x00, 0xA8, 0x16, 0x00, 0x00, 0xA8, 0x16, 0x00, 0x00,
    0x00, 0x00, 0x00, 0x00, 0xA4, 0x16, 0x00, 0x00, 0xAC, 0x16, 0x00, 0x00, 0xB0, 0x16, 0x00, 0x00,
    0x01, 0x00, 0x00, 0x00, 0xB0, 0x16, 0x00, 0x00, 0xB8, 0x16, 0x00, 0x00, 0xBC, 0x16, 0x00, 0x00,
    0x02, 0x00, 0x00, 0x00, 0xBC, 0x16, 0x00, 0x00, 0xC4, 0x16, 0x00, 0x00, 0xCC, 0x16, 0x00, 0x00,
    0xD4, 0x16, 0x00, 0x00, 0x03, 0x00, 0x00, 0x00, 0xD8, 0x16, 0x00, 0x00, 0xE0, 0x16, 0x00, 0x00,
    0xE8, 0x16, 0x00, 0x00, 0xF0, 0x16, 0x00, 0x00, 0xF8, 0x16, 0x00, 0x00, 0xF8, 0x16, 0x00, 0x00,
    0x00, 0x17, 0x00, 0x00, 0x08, 0x17, 0x00, 0x00, 0x00, 0x00, 0x00, 0x00, 0x0C, 0x17, 0x00, 0x00,
    0x14, 0x17, 0x00, 0x00, 0x1C, 0x17, 0x00, 0x00, 0x24, 0x17, 0x00, 0x00, 0x2C, 0x17, 0x00, 0x00,
    0x34, 0x17, 0x00, 0x00, 0x34, 0x17, 0x00, 0x00, 0x34, 0x17, 0x00, 0x00, 0x34, 0x17, 0x00, 0x00,
    0x3C, 0x17, 0x00, 0x00, 0x44, 0x17, 0x00, 0x00, 0x03, 0x00, 0x00, 0x00, 0x48, 0x17, 0x00, 0x00,
    0x50, 0x17, 0x00, 0x00, 0x04, 0x00, 0x00, 0x00, 0x50, 0x17, 0x00, 0x00, 0x50, 0x17, 0x00, 0x00,
    0x05, 0x00, 0x00, 0x00, 0x54, 0x17, 0x00, 0x00, 0x5C, 0x17, 0x00, 0x00, 0x06, 0x00, 0x00, 0x00,
    0x5C, 0x17, 0x00, 0x00, 0x5C, 0x17, 0x00, 0x00, 0x08, 0x00, 0x00, 0x00, 0x60, 0x17, 0x00, 0x00,
    0x68, 0x17, 0x00, 0x00, 0x01, 0x00, 0x00, 0x00, 0x68, 0x17, 0x00, 0x00, 0x70, 0x17, 0x00, 0x00,
    0x78, 0x17, 0x00, 0x00, 0x80, 0x17, 0x00, 0x00, 0x88, 0x17, 0x00, 0x00, 0x02, 0x00, 0x00, 0x00,
    0x8C, 0x17, 0x00, 0x00, 0x94, 0x17, 0x00, 0x00, 0x9C, 0x17, 0x00, 0x00, 0xA4, 0x17, 0x00, 0x00,
    0xAC, 0x17, 0x00, 0x00, 0x07, 0x00, 0x00, 0x00, 0xB0, 0x17, 0x00, 0x00, 0xB8, 0x17, 0x00, 0x00,
    0xC0, 0x17, 0x00, 0x00, 0xC8, 0x17, 0x00, 0x00, 0x00, 0x00, 0x00, 0x00, 0xCC, 0x17, 0x00, 0x00,
    0xD4, 0x17, 0x00, 0x00, 0xDC, 0x17, 0x00, 0x00, 0x02, 0x00, 0x00, 0x00, 0xE0, 0x17, 0x00, 0x00,
    0xE8, 0x17, 0x00, 0x00, 0xF0, 0x17, 0x00, 0x00, 0xF8, 0x17, 0x00, 0x00, 0x00, 0x18, 0x00, 0x00,
    0x08, 0x18, 0x00, 0x00, 0x10, 0x18, 0x00, 0x00, 0x18, 0x18, 0x00, 0x00, 0x20, 0x18, 0x00, 0x00,
    0x28, 0x18, 0x00, 0x00, 0x30, 0x18, 0x00, 0x00, 0x38, 0x18, 0x00, 0x00, 0x40, 0x18, 0x00, 0x00,
    0x48, 0x18, 0x00, 0x00, 0x50, 0x18, 0x00, 0x00, 0x58, 0x18, 0x00, 0x00, 0x01, 0x00, 0x00, 0x00,
    0x5C, 0x18, 0x00, 0x00, 0x5C, 0x18, 0x00, 0x00, 0x03, 0x00, 0x00, 0x00, 0x60, 0x18, 0x00, 0x00,
    0x68, 0x18, 0x00, 0x00, 0x70, 0x18, 0x00, 0x00, 0x04, 0x00, 0x00, 0x00, 0x74, 0x18, 0x00, 0x00,
    0x74, 0x18, 0x00, 0x00, 0x06, 0x00, 0x00, 0x00, 0x78, 0x18, 0x00, 0x00, 0x80, 0x18, 0x00, 0x00,
    0x88, 0x18, 0x00, 0x00, 0x90, 0x18, 0x00, 0x00, 0x98, 0x18, 0x00, 0x00, 0xA0, 0x18, 0x00, 0x00,
    0xA8, 0x18, 0x00, 0x00, 0xB0, 0x18, 0x00, 0x00, 0xB8, 0x18, 0x00, 0x00, 0xC0, 0x18, 0x00, 0x00,
    0xC8, 0x18, 0x00, 0x00, 0xD0, 0x18, 0x00, 0x00, 0xD8, 0x18, 0x00, 0x00, 0xE0, 0x18, 0x00, 0x00,
    0xE8, 0x18, 0x00, 0x00, 0xF0, 0x18, 0x00, 0x00, 0xF8, 0x18, 0x00, 0x00, 0xF8, 0x18, 0x00, 0x00,
    0x00, 0x19, 0x00, 0x00, 0x08, 0x19, 0x00, 0x00, 0x05, 0x00, 0x00, 0x00, 0x0C, 0x19, 0x00, 0x00,
    0x0C, 0x19, 0x00, 0x00, 0x14, 0x19, 0x00, 0x00, 0x1C, 0x19, 0x00, 0x00, 0x00, 0x00, 0x00, 0x00,
    0x20, 0x19, 0x00, 0x00, 0x28, 0x19, 0x00, 0x00, 0x02, 0x00, 0x00, 0x00, 0x28, 0x19, 0x00, 0x00,
    0x30, 0x19, 0x00, 0x00, 0x04, 0x00, 0x00, 0x00, 0x30, 0x19, 0x00, 0x00, 0x38, 0x19, 0x00, 0x00,
    0x40, 0x19, 0x00, 0x00, 0x48, 0x19, 0x00, 0x00, 0x50, 0x19, 0x00, 0x00, 0x58, 0x19, 0x00, 0x00,
    0x01, 0x00, 0x00, 0x00, 0x5C, 0x19, 0x00, 0x00, 0x64, 0x19, 0x00, 0x00, 0x05, 0x00, 0x00, 0x00,
    0x64, 0x19, 0x00, 0x00, 0x6C, 0x19, 0x00, 0x00, 0x74, 0x19, 0x00, 0x00, 0x7C, 0x19, 0x00, 0x00,
    0x84, 0x19, 0x00, 0x00, 0x8C, 0x19, 0x00, 0x00, 0x03, 0x00, 0x00, 0x00, 0x90, 0x19, 0x00, 0x00,
    0x98, 0x19, 0x00, 0x00, 0x9C, 0x19, 0x00, 0x00, 0x9C, 0x19, 0x00, 0x00, 0xA4, 0x19, 0x00, 0x00,
    0xAC, 0x19, 0x00, 0x00, 0x00, 0x00, 0x00, 0x00, 0xB0, 0x19, 0x00, 0x00, 0xB8, 0x19, 0x00, 0x00,
    0x02, 0x00, 0x00, 0x00, 0xB8, 0x19, 0x00, 0x00, 0xC0, 0x19, 0x00, 0x00, 0x03, 0x00, 0x00, 0x00,
    0xC0, 0x19, 0x00, 0x00, 0xC8, 0x19, 0x00, 0x00, 0xD0, 0x19, 0x00, 0x00, 0xD8, 0x19, 0x00, 0x00,
    0xE0, 0x19, 0x00, 0x00, 0xE8, 0x19, 0x00, 0x00, 0x01, 0x00, 0x00, 0x00, 0xEC, 0x19, 0x00, 0x00,
    0xF4, 0x19, 0x00, 0x00, 0x04, 0x00, 0x00, 0x00, 0xF4, 0x19, 0x00, 0x00, 0xFC, 0x19, 0x00, 0x00,
    0x04, 0x1A, 0x00, 0x00, 0x0C, 0x1A, 0x00, 0x00, 0x14, 0x1A, 0x00, 0x00, 0x1C, 0x1A, 0x00, 0x00,
    0x24, 0x1A, 0x00, 0x00, 0x24, 0x1A, 0x00, 0x00, 0x2C, 0x1A, 0x00, 0x00, 0x34, 0x1A, 0x00, 0x00,
    0x00, 0xE0, 0x00, 0x00, 0x00, 0xE0, 0x00, 0x00, 0x00, 0xE0, 0x00, 0x00, 0x00, 0xE0, 0x00, 0x00,
    0x00, 0xE0, 0x00, 0x00, 0x00, 0xE0, 0x00, 0x00, 0x01, 0x00, 0x00, 0x00, 0x20, 0x1A, 0x00, 0x00,
    0x00, 0x00, 0x00, 0x00, 0x00, 0xE0, 0x00, 0x00, 0x00, 0xE0, 0x00, 0x00, 0x00, 0xE0, 0x00, 0x00,
    0x00, 0xE0, 0x00, 0x00, 0x00, 0xE0, 0x00, 0x00, 0x00, 0xE0, 0x00, 0x00, 0x01, 0x60, 0x00, 0xE0,
    0x00, 0x00, 0x00, 0x00, 0x00, 0x00, 0x00, 0x00, 0x01, 0x00, 0x00, 0x00, 0x00, 0x00, 0x00, 0x00,
    0x05, 0x00, 0x00, 0x00, 0xEC, 0x19, 0x00, 0x00, 0x07, 0x00, 0x00, 0xE0, 0x01, 0x00, 0x00, 0x00,
    0xF4, 0x19, 0x00, 0x00, 0x01, 0x00, 0x00, 0x00, 0x01, 0x00, 0x00, 0x00, 0xEC, 0x19, 0x00, 0x00,
    0x01, 0x00, 0x00, 0x00, 0xE8, 0x19, 0x00, 0x00, 0xEC, 0x19, 0x00, 0x00, 0x00, 0x00, 0x00, 0x00,
    0x00, 0x00, 0x00, 0x00, 0x01, 0x00, 0x00, 0x00, 0xE0, 0x19, 0x00, 0x00, 0xE4, 0x19, 0x00, 0x00,
    0x12, 0x60, 0x00, 0xE0, 0x00, 0x00, 0x00, 0x00, 0x00, 0x00, 0x00, 0x00, 0x01, 0x00, 0x00, 0x00,
    0x01, 0x00, 0x00, 0x00, 0xD0, 0x19, 0x00, 0x00, 0x00, 0x00, 0x00, 0x00, 0x00, 0x00, 0x00, 0x00,
    0x00, 0x00, 0x00, 0x00, 0x01, 0x00, 0x00, 0x00, 0xC0, 0x19, 0x00, 0x00, 0xC4, 0x19, 0x00, 0x00,
    0x12, 0x60, 0x00, 0xE0, 0x00, 0x00, 0x00, 0x00, 0x00, 0x00, 0x00, 0x00, 0x01, 0x00, 0x00, 0x00,
    0x01, 0x00, 0x00, 0x00, 0xB0, 0x19, 0x00, 0x00, 0x00, 0x00, 0x00, 0x00, 0x01, 0x00, 0x00, 0x00,
    0xA8, 0x19, 0x00, 0x00, 0x00, 0x00, 0x00, 0x00, 0x00, 0xE0, 0x00, 0x00, 0x00, 0xE0, 0x00, 0x00,
    0x00, 0xE0, 0x00, 0x00, 0x01, 0x00, 0x00, 0x00, 0x94, 0x19, 0x00, 0x00, 0x00, 0x00, 0x00, 0x00,
    0x00, 0xE0, 0x00, 0x00, 0x00, 0xE0, 0x00, 0x00, 0x00, 0xE0, 0x00, 0x00, 0x00, 0xE0, 0x00, 0x00,
    0x00, 0xE0, 0x00, 0x00, 0x00, 0xE0, 0x00, 0x00, 0x00, 0xE0, 0x00, 0x00, 0x00, 0xE0, 0x00, 0x00,
    0x00, 0xE0, 0x00, 0x00, 0x00, 0xE0, 0x00, 0x00, 0x00, 0xE0, 0x00, 0x00, 0x00, 0xE0, 0x00, 0x00,
    0x00, 0xE0, 0x00, 0x00, 0x00, 0xE0, 0x00, 0x00, 0x00, 0xE0, 0x00, 0x00, 0x11, 0x60, 0x00, 0xE0,
    0x00, 0xE0, 0x00, 0x00, 0x00, 0xE0, 0x00, 0x00, 0x00, 0xE0, 0x00, 0x00, 0x00, 0xE0, 0x00, 0x00,
    0x00, 0xE0, 0x00, 0x00, 0x00, 0xE0, 0x00, 0x00, 0x10, 0x60, 0x00, 0xE0, 0x00, 0xE0, 0x00, 0x00,
    0x00, 0xE0, 0x00, 0x00, 0x00, 0xE0, 0x00, 0x00, 0x00, 0xE0, 0x00, 0x00, 0x00, 0xE0, 0x00, 0x00,
    0x00, 0xE0, 0x00, 0x00, 0x01, 0x00, 0x00, 0x00, 0x18, 0x19, 0x00, 0x00, 0x00, 0x00, 0x00, 0x00,
    0x00, 0xE0, 0x00, 0x00, 0x00, 0xE0, 0x00, 0x00, 0x00, 0xE0, 0x00, 0x00, 0x01, 0x00, 0x00, 0x00,
    0x04, 0x19, 0x00, 0x00, 0x00, 0x00, 0x00, 0x00, 0x00, 0xE0, 0x00, 0x00, 0x00, 0xE0, 0x00, 0x00,
    0x00, 0xE0, 0x00, 0x00, 0x00, 0x60, 0x00, 0xE0, 0x00, 0xE0, 0x00, 0x00, 0x00, 0xE0, 0x00, 0x00,
    0x00, 0xE0, 0x00, 0x00, 0x00, 0xE0, 0x00, 0x00, 0x00, 0xE0, 0x00, 0x00, 0x00, 0xE0, 0x00, 0x00,
    0x01, 0x00, 0x00, 0x00, 0xD4, 0x18, 0x00, 0x00, 0x00, 0x00, 0x00, 0x00, 0x00, 0xE0, 0x00, 0x00,
    0x00, 0xE0, 0x00, 0x00, 0x00, 0xE0, 0x00, 0x00, 0x00, 0xE0, 0x00, 0x00, 0x00, 0xE0, 0x00, 0x00,
    0x00, 0xE0, 0x00, 0x00, 0x2A, 0x60, 0x00, 0xE0, 0x00, 0xE0, 0x00, 0x00, 0x00, 0xE0, 0x00, 0x00,
    0x00, 0xE0, 0x00, 0x00, 0x02, 0x00, 0x00, 0x00, 0xA4, 0x18, 0x00, 0x00, 0x00, 0x00, 0x00, 0x00,
    0x00, 0xE0, 0x00, 0x00, 0x00, 0xE0, 0x00, 0x00, 0x00, 0xE0, 0x00, 0x00, 0x00, 0xE0, 0x00, 0x00,
    0x00, 0xE0, 0x00, 0x00, 0x00, 0xE0, 0x00, 0x00, 0x01, 0x00, 0x00, 0x00, 0x88, 0x18, 0x00, 0x00,
    0x00, 0x00, 0x00, 0x00, 0x00, 0xE0, 0x00, 0x00, 0x00, 0xE0, 0x00, 0x00, 0x00, 0xE0, 0x00, 0x00,
    0x00, 0xE0, 0x00, 0x00, 0x00, 0xE0, 0x00, 0x00, 0x00, 0xE0, 0x00, 0x00, 0x00, 0xE0, 0x00, 0x00,
    0x00, 0xE0, 0x00, 0x00, 0x00, 0xE0, 0x00, 0x00, 0x0F, 0x60, 0x3F, 0xC0, 0x0A, 0x00, 0x4F, 0xC0,
    0x0B, 0x00, 0x00, 0xC0, 0x0F, 0x60, 0x40, 0xC0, 0x0A, 0x00, 0x4F, 0xC0, 0x00, 0xC0, 0x0B, 0x00,
    0x00, 0xC0, 0x0F, 0x60, 0x41, 0xC0, 0x0A, 0x00, 0x4F, 0xC0, 0x00, 0xC0, 0x00, 0xE0, 0x00, 0x00,
    0x00, 0xE0, 0x00, 0x00, 0x00, 0xE0, 0x00, 0x00, 0x00, 0xE0, 0x00, 0x00, 0x0F, 0x60, 0x3E, 0xC0,
    0x0A, 0x00, 0x4F, 0xC0, 0x0C, 0x00, 0x00, 0xC0, 0x0F, 0x60, 0x3D, 0xC0, 0x0A, 0x00, 0x4F, 0xC0,
    0x00, 0xC0, 0x0C, 0x00, 0x00, 0xC0, 0x0F, 0x60, 0x3C, 0xC0, 0x47, 0xC0, 0x0A, 0x00, 0x4F, 0xC0,
    0x00, 0xC0, 0x00, 0xE0, 0x00, 0x00, 0x00, 0x00, 0x00, 0x00, 0x00, 0x00, 0x01, 0x00, 0x00, 0x00,
    0xF8, 0x17, 0x00, 0x00, 0xFC, 0x17, 0x00, 0x00, 0x13, 0x60, 0x00, 0xE0, 0x00, 0x00, 0x00, 0x00,
    0x00, 0x00, 0x00, 0x00, 0x01, 0x00, 0x00, 0x00, 0x01, 0x00, 0x00, 0x00, 0xE8, 0x17, 0x00, 0x00,
    0x00, 0x00, 0x00, 0x00, 0x00, 0x00, 0x00, 0x00, 0x00, 0x00, 0x00, 0x00, 0x01, 0x00, 0x00, 0x00,
    0x00, 0x00, 0x00, 0x00, 0x05, 0x00, 0x00, 0x00, 0xD0, 0x17, 0x00, 0x00, 0x29, 0x60, 0x00, 0xE0,
    0x00, 0x00, 0x00, 0x00, 0x00, 0x00, 0x00, 0x00, 0x01, 0x00, 0x00, 0x00, 0x01, 0x00, 0x00, 0x00,
    0xCC, 0x17, 0x00, 0x00, 0x00, 0x00, 0x00, 0x00, 0x00, 0x00, 0x00, 0x00, 0x00, 0x00, 0x00, 0x00,
    0x01, 0x00, 0x00, 0x00, 0x0E, 0x00, 0x00, 0x00, 0x02, 0x00, 0x00, 0x00, 0xB4, 0x17, 0x00, 0x00,
    0x13, 0x00, 0x00, 0x00, 0x02, 0x00, 0x00, 0x00, 0xB0, 0x17, 0x00, 0x00, 0x00, 0x00, 0x00, 0x00,
    0x00, 0x00, 0x00, 0x00, 0x01, 0x00, 0x00, 0x00, 0x0E, 0x00, 0x00, 0x00, 0x02, 0x00, 0x00, 0x00,
    0xA0, 0x17, 0x00, 0x00, 0x13, 0x00, 0x00, 0x00, 0x02, 0x00, 0x00, 0x00, 0x9C, 0x17, 0x00, 0x00,
    0x00, 0x00, 0x00, 0x00, 0x00, 0x00, 0x00, 0x00, 0x01, 0x00, 0x00, 0x00, 0x94, 0x17, 0x00, 0x00,
    0x98, 0x17, 0x00, 0x00, 0x00, 0x00, 0x00, 0x00, 0x00, 0x00, 0x00, 0x00, 0x01, 0x00, 0x00, 0x00,
    0x8C, 0x17, 0x00, 0x00, 0x90, 0x17, 0x00, 0x00, 0x2B, 0x60, 0x00, 0xE0, 0x00, 0x00, 0x00, 0x00,
    0x00, 0x00, 0x00, 0x00, 0x01, 0x00, 0x00, 0x00, 0x01, 0x00, 0x00, 0x00, 0x7C, 0x17, 0x00, 0x00,
    0x00, 0x00, 0x00, 0x00, 0x01, 0x00, 0x00, 0x00, 0x74, 0x17, 0x00, 0x00, 0x01, 0x00, 0x00, 0x00,
    0x70, 0x17, 0x00, 0x00, 0x74, 0x17, 0x00, 0x00, 0x00, 0x00, 0x00, 0x00, 0x00, 0x00, 0x00, 0x00,
    0x01, 0x00, 0x00, 0x00, 0x13, 0x00, 0x00, 0x00, 0x02, 0x00, 0x00, 0x00, 0x60, 0x17, 0x00, 0x00,
    0x0E, 0x00, 0x00, 0x00, 0x02, 0x00, 0x00, 0x00, 0x5C, 0x17, 0x00, 0x00, 0x00, 0x00, 0x00, 0x00,
    0x00, 0x00, 0x00, 0x00, 0x01, 0x00, 0x00, 0x00, 0x13, 0x00, 0x00, 0x00, 0x02, 0x00, 0x00, 0x00,
    0x4C, 0x17, 0x00, 0x00, 0x0E, 0x00, 0x00, 0x00, 0x02, 0x00, 0x00, 0x00, 0x48, 0x17, 0x00, 0x00,
    0x29, 0x60, 0x00, 0xE0, 0x00, 0x00, 0x00, 0x00, 0x00, 0x00, 0x00, 0x00, 0x01, 0x00, 0x00, 0x00,
    0x02, 0x00, 0x00, 0x00, 0x38, 0x17, 0x00, 0x00, 0x00, 0x00, 0x00, 0x00, 0x02, 0x00, 0x00, 0x00,
    0x34, 0x17, 0x00, 0x00, 0x00, 0x00, 0x00, 0x00, 0x2B, 0x60, 0x00, 0xE0, 0x00, 0x00, 0x00, 0x00,
    0x00, 0x00, 0x00, 0x00, 0x01, 0x00, 0x00, 0x00, 0x01, 0x00, 0x00, 0x00, 0x20, 0x17, 0x00, 0x00,
    0x00, 0x00, 0x00, 0x00, 0x01, 0x00, 0x00, 0x00, 0x18, 0x17, 0x00, 0x00, 0x00, 0x00, 0x00, 0x00,
    0x13, 0x60, 0x00, 0xE0, 0x00, 0x00, 0x00, 0x00, 0x00, 0x00, 0x00, 0x00, 0x01, 0x00, 0x00, 0x00,
    0x01, 0x00, 0x00, 0x00, 0x00, 0x17, 0x00, 0x00, 0x00, 0x00, 0x00, 0x00, 0x01, 0x00, 0x00, 0x00,
    0xF8, 0x16, 0x00, 0x00, 0x00, 0x00, 0x00, 0x00, 0x29, 0x60, 0x00, 0xE0, 0x00, 0x00, 0x00, 0x00,
    0x00, 0x00, 0x00, 0x00, 0x01, 0x00, 0x00, 0x00, 0x01, 0x00, 0x00, 0x00, 0xE0, 0x16, 0x00, 0x00,
    0x00, 0x00, 0x00, 0x00, 0x01, 0x00, 0x00, 0x00, 0xD8, 0x16, 0x00, 0x00, 0x00, 0x00, 0x00, 0x00,
    0x00, 0x00, 0x00, 0x00, 0x00, 0x00, 0x00, 0x00, 0x01, 0x00, 0x00, 0x00, 0xC8, 0x16, 0x00, 0x00,
    0xCC, 0x16, 0x00, 0x00, 0x01, 0x00, 0x00, 0x00, 0xCC, 0x16, 0x00, 0x00, 0x01, 0x00, 0x00, 0x00,
    0xC8, 0x16, 0x00, 0x00, 0xCC, 0x16, 0x00, 0x00, 0x0E, 0x60, 0x00, 0xE0, 0x00, 0x00, 0x00, 0x00,
    0x00, 0x00, 0x00, 0x00, 0x01, 0x00, 0x00, 0x00, 0x01, 0x00, 0x00, 0x00, 0xBC, 0x16, 0x00, 0x00,
    0x00, 0x00, 0x00, 0x00, 0x01, 0x00, 0x00, 0x00, 0xB4, 0x16, 0x00, 0x00, 0x00, 0x00, 0x00, 0x00,
    0x00, 0x00, 0x00, 0x00, 0x00, 0x00, 0x00, 0x00, 0x01, 0x00, 0x00, 0x00, 0x0E, 0x00, 0x00, 0x00,
    0x02, 0x00, 0x00, 0x00, 0x9C, 0x16, 0x00, 0x00, 0x00, 0x00, 0x00, 0x00, 0x00, 0x00, 0x00, 0x00,
    0x01, 0x00, 0x00, 0x00, 0x0E, 0x00, 0x00, 0x00, 0x02, 0x00, 0x00, 0x00, 0x8C, 0x16, 0x00, 0x00,
    0x01, 0x00, 0x00, 0x00, 0x8C, 0x16, 0x00, 0x00, 0x01, 0x00, 0x00, 0x00, 0x10, 0x00, 0x00, 0xE0,
    0x01, 0x00, 0x00, 0x00, 0x80, 0x16, 0x00, 0x00, 0x01, 0x00, 0x00, 0x00, 0x01, 0x00, 0x00, 0x00,
    0x78, 0x16, 0x00, 0x00, 0x01, 0x00, 0x00, 0x00, 0x74, 0x16, 0x00, 0x00, 0x78, 0x16, 0x00, 0x00,
    0x00, 0x00, 0x00, 0x00, 0x00, 0x00, 0x00, 0x00, 0x01, 0x00, 0x00, 0x00, 0x00, 0x00, 0x00, 0x00,
    0x05, 0x00, 0x00, 0x00, 0x64, 0x16, 0x00, 0x00, 0x00, 0xE0, 0x00, 0x00, 0x00, 0xE0, 0x00, 0x00,
    0x00, 0xE0, 0x00, 0x00, 0x01, 0x00, 0x00, 0x00, 0x64, 0x16, 0x00, 0x00, 0x00, 0x00, 0x00, 0x00,
    0x00, 0xE0, 0x00, 0x00, 0x00, 0xE0, 0x00, 0x00, 0x00, 0xE0, 0x00, 0x00, 0x00, 0xE0, 0x00, 0x00,
    0x00, 0xE0, 0x00, 0x00, 0x00, 0xE0, 0x00, 0x00, 0x02, 0x60, 0x00, 0xE0, 0x00, 0xE0, 0x00, 0x00,
    0x00, 0xE0, 0x00, 0x00, 0x00, 0xE0, 0x00, 0x00, 0x01, 0x00, 0x00, 0x00, 0x34, 0x16, 0x00, 0x00,
    0x00, 0x00, 0x00, 0x00, 0x00, 0xE0, 0x00, 0x00, 0x00, 0xE0, 0x00, 0x00, 0x00, 0xE0, 0x00, 0x00,
    0x00, 0xE0, 0x00, 0x00, 0x00, 0xE0, 0x00, 0x00, 0x00, 0xE0, 0x00, 0x00, 0x03, 0x60, 0x00, 0xE0,
    0x00, 0x00, 0x00, 0x00, 0x00, 0x00, 0x00, 0x00, 0x01, 0x00, 0x00, 0x00, 0x00, 0x00, 0x00, 0x00,
    0x05, 0x00, 0x00, 0x00, 0x00, 0x16, 0x00, 0x00, 0x29, 0x60, 0x00, 0xE0, 0x00, 0x00, 0x00, 0x00,
    0x00, 0x00, 0x00, 0x00, 0x01, 0x00, 0x00, 0x00, 0x01, 0x00, 0x00, 0x00, 0xFC, 0x15, 0x00, 0x00,
    0x00, 0x00, 0x00, 0x00, 0x29, 0x60, 0x00, 0xE0, 0x00, 0x00, 0x00, 0x00, 0x00, 0x00, 0x00, 0x00,
    0x01, 0x00, 0x00, 0x00, 0x01, 0x00, 0x00, 0x00, 0xE4, 0x15, 0x00, 0x00, 0x00, 0x00, 0x00, 0x00,
    0x00, 0x00, 0x00, 0x00, 0x00, 0x00, 0x00, 0x00, 0x00, 0x00, 0x00, 0x00, 0x00, 0x00, 0x00, 0x00,
    0x00, 0x00, 0x00, 0x00, 0x01, 0x00, 0x00, 0x00, 0x00, 0x00, 0x00, 0x00, 0x05, 0x00, 0x00, 0x00,
    0xC0, 0x15, 0x00, 0x00, 0x00, 0xE0, 0x00, 0x00, 0x00, 0xE0, 0x00, 0x00, 0x00, 0xE0, 0x00, 0x00,
    0x01, 0x00, 0x00, 0x00, 0xC0, 0x15, 0x00, 0x00, 0x00, 0x00, 0x00, 0x00, 0x00, 0xE0, 0x00, 0x00,
    0x00, 0xE0, 0x00, 0x00, 0x00, 0xE0, 0x00, 0x00, 0x00, 0xE0, 0x00, 0x00, 0x00, 0xE0, 0x00, 0x00,
    0x00, 0xE0, 0x00, 0x00, 0x00, 0xE0, 0x00, 0x00, 0x00, 0xE0, 0x00, 0x00, 0x00, 0xE0, 0x00, 0x00,
    0x01, 0x00, 0x00, 0x00, 0x94, 0x15, 0x00, 0x00, 0x00, 0x00, 0x00, 0x00, 0x00, 0xE0, 0x00, 0x00,
    0x00, 0xE0, 0x00, 0x00, 0x00, 0xE0, 0x00, 0x00, 0x00, 0xE0, 0x00, 0x00, 0x00, 0xE0, 0x00, 0x00,
    0x00, 0xE0, 0x00, 0x00, 0x01, 0x00, 0x00, 0x00, 0x74, 0x15, 0x00, 0x00, 0x00, 0x00, 0x00, 0x00,
    0x00, 0xE0, 0x00, 0x00, 0x00, 0xE0, 0x00, 0x00, 0x00, 0xE0, 0x00, 0x00, 0x00, 0xE0, 0x00, 0x00,
    0x00, 0xE0, 0x00, 0x00, 0x00, 0xE0, 0x00, 0x00, 0x00, 0xE0, 0x00, 0x00, 0x00, 0xE0, 0x00, 0x00,
    0x00, 0xE0, 0x00, 0x00, 0x00, 0xE0, 0x00, 0x00, 0x00, 0xE0, 0x00, 0x00, 0x00, 0xE0, 0x00, 0x00,
    0x01, 0x00, 0x00, 0x00, 0x3C, 0x15, 0x00, 0x00, 0x00, 0x00, 0x00, 0x00, 0x00, 0xE0, 0x00, 0x00,
    0x00, 0xE0, 0x00, 0x00, 0x00, 0xE0, 0x00, 0x00, 0x00, 0xE0, 0x00, 0x00, 0x00, 0xE0, 0x00, 0x00,
    0x00, 0xE0, 0x00, 0x00, 0x01, 0x00, 0x00, 0x00, 0x1C, 0x15, 0x00, 0x00, 0x00, 0x00, 0x00, 0x00,
    0x00, 0xE0, 0x00, 0x00, 0x00, 0xE0, 0x00, 0x00, 0x00, 0xE0, 0x00, 0x00, 0x00, 0x00, 0x00, 0x00,
    0x00, 0x00, 0x00, 0x00, 0x01, 0x00, 0x00, 0x00, 0x00, 0x00, 0x00, 0x00, 0x05, 0x00, 0x00, 0x00,
    0xF8, 0x14, 0x00, 0x00, 0x01, 0x00, 0x00, 0x00, 0x04, 0x15, 0x00, 0x00, 0x01, 0x00, 0x00, 0x00,
    0x00, 0x00, 0x00, 0x00, 0x05, 0x00, 0x00, 0x00, 0xF8, 0x14, 0x00, 0x00, 0x01, 0x00, 0x00, 0x00,
    0x04, 0x15, 0x00, 0x00, 0x01, 0x00, 0x00, 0x00, 0x00, 0x00, 0x00, 0x00, 0x05, 0x00, 0x00, 0x00,
    0xF8, 0x14, 0x00, 0x00, 0x00, 0x00, 0x00, 0x00, 0x00, 0x00, 0x00, 0x00, 0x01, 0x00, 0x00, 0x00,
    0x01, 0x00, 0x00, 0x00, 0xF8, 0x14, 0x00, 0x00, 0x01, 0x00, 0x00, 0x00, 0x00, 0x00, 0x00, 0x00,
    0x05, 0x00, 0x00, 0x00, 0xEC, 0x14, 0x00, 0x00, 0x01, 0x00, 0x00, 0x00, 0xF8, 0x14, 0x00, 0x00,
    0x01, 0x00, 0x00, 0x00, 0x00, 0x00, 0x00, 0x00, 0x05, 0x00, 0x00, 0x00, 0xEC, 0x14, 0x00, 0x00,
    0x00, 0x00, 0x00, 0x00, 0x00, 0x00, 0x00, 0x00, 0x01, 0x00, 0x00, 0x00, 0x00, 0x00, 0x00, 0x00,
    0x00, 0x00, 0x00, 0x00, 0x01, 0x00, 0x00, 0x00, 0x00, 0x00, 0x00, 0x00, 0x00, 0x00, 0x00, 0x00,
    0x01, 0x00, 0x00, 0x00, 0x29, 0x60, 0x00, 0xE0, 0x00, 0x00, 0x00, 0x00, 0x00, 0x00, 0x00, 0x00,
    0x01, 0x00, 0x00, 0x00, 0x01, 0x00, 0x00, 0x00, 0xC4, 0x14, 0x00, 0x00, 0x00, 0x00, 0x00, 0x00,
    0x29, 0x60, 0x00, 0xE0, 0x00, 0x00, 0x00, 0x00, 0x00, 0x00, 0x00, 0x00, 0x01, 0x00, 0x00, 0x00,
    0x01, 0x00, 0x00, 0x00, 0xAC, 0x14, 0x00, 0x00, 0x00, 0x00, 0x00, 0x00, 0x00, 0x00, 0x00, 0x00,
    0x00, 0x00, 0x00, 0x00, 0x00, 0x00, 0x00, 0x00, 0x00, 0x00, 0x00, 0x00, 0x00, 0x00, 0x00, 0x00,
    0x01, 0x00, 0x00, 0x00, 0x00, 0x00, 0x00, 0x00, 0x05, 0x00, 0x00, 0x00, 0x88, 0x14, 0x00, 0x00,
    0x00, 0xE0, 0x00, 0x00, 0x00, 0xE0, 0x00, 0x00, 0x00, 0xE0, 0x00, 0x00, 0x00, 0xE0, 0x00, 0x00,
    0x00, 0xE0, 0x00, 0x00, 0x00, 0xE0, 0x00, 0x00, 0x00, 0xE0, 0x00, 0x00, 0x00, 0xE0, 0x00, 0x00,
    0x00, 0xE0, 0x00, 0x00, 0x01, 0x00, 0x00, 0x00, 0x70, 0x14, 0x00, 0x00, 0x00, 0x00, 0x00, 0x00,
    0x00, 0xE0, 0x00, 0x00, 0x00, 0xE0, 0x00, 0x00, 0x00, 0xE0, 0x00, 0x00, 0x00, 0xE0, 0x00, 0x00,
    0x00, 0xE0, 0x00, 0x00, 0x00, 0xE0, 0x00, 0x00, 0x00, 0xE0, 0x00, 0x00, 0x00, 0xE0, 0x00, 0x00,
    0x00, 0xE0, 0x00, 0x00, 0x00, 0xE0, 0x00, 0x00, 0x00, 0xE0, 0x00, 0x00, 0x00, 0xE0, 0x00, 0x00,
    0x00, 0xE0, 0x00, 0x00, 0x00, 0xE0, 0x00, 0x00, 0x00, 0xE0, 0x00, 0x00, 0x01, 0x00, 0x00, 0x00,
    0x2C, 0x14, 0x00, 0x00, 0x00, 0x00, 0x00, 0x00, 0x00, 0xE0, 0x00, 0x00, 0x00, 0xE0, 0x00, 0x00,
    0x00, 0xE0, 0x00, 0x00, 0x04, 0x60, 0x00, 0xE0, 0x00, 0xE0, 0x00, 0x00, 0x00, 0xE0, 0x00, 0x00,
    0x00, 0xE0, 0x00, 0x00, 0x01, 0x00, 0x00, 0x00, 0x08, 0x14, 0x00, 0x00, 0x00, 0x00, 0x00, 0x00,
    0x01, 0x00, 0x00, 0x00, 0x00, 0x14, 0x00, 0x00, 0x00, 0x00, 0x00, 0x00, 0x00, 0xE0, 0x00, 0x00,
    0x00, 0xE0, 0x00, 0x00, 0x00, 0xE0, 0x00, 0x00, 0x00, 0xE0, 0x00, 0x00, 0x00, 0xE0, 0x00, 0x00,
    0x00, 0xE0, 0x00, 0x00, 0x01, 0x00, 0x00, 0x00, 0xE0, 0x13, 0x00, 0x00, 0x00, 0x00, 0x00, 0x00,
    0x01, 0x00, 0x00, 0x00, 0xD8, 0x13, 0x00, 0x00, 0x00, 0x00, 0x00, 0x00, 0x00, 0xE0, 0x00, 0x00,
    0x00, 0xE0, 0x00, 0x00, 0x00, 0xE0, 0x00, 0x00, 0x00, 0xE0, 0x00, 0x00, 0x00, 0xE0, 0x00, 0x00,
    0x00, 0xE0, 0x00, 0x00, 0x00, 0xE0, 0x00, 0x00, 0x00, 0xE0, 0x00, 0x00, 0x00, 0xE0, 0x00, 0x00,
    0x09, 0x60, 0x16, 0x00, 0x17, 0x00, 0x16, 0xC0, 0x00, 0xE0, 0x00, 0x00, 0x00, 0xE0, 0x00, 0x00,
    0x00, 0xE0, 0x00, 0x00, 0x00, 0xE0, 0x00, 0x00, 0x00, 0xE0, 0x00, 0x00, 0x00, 0xE0, 0x00, 0x00,
    0x00, 0xE0, 0x00, 0x00, 0x00, 0xE0, 0x00, 0x00, 0x00, 0xE0, 0x00, 0x00, 0x00, 0xE0, 0x00, 0x00,
    0x00, 0xE0, 0x00, 0x00, 0x00, 0xE0, 0x00, 0x00, 0x00, 0xE0, 0x00, 0x00, 0x01, 0x00, 0x00, 0x00,
    0x70, 0x13, 0x00, 0x00, 0x00, 0x00, 0x00, 0x00, 0x00, 0xE0, 0x00, 0x00, 0x00, 0xE0, 0x00, 0x00,
    0x00, 0xE0, 0x00, 0x00, 0x05, 0x60, 0x00, 0xE0, 0x00, 0xE0, 0x00, 0x00, 0x00, 0xE0, 0x00, 0x00,
    0x00, 0xE0, 0x00, 0x00, 0x01, 0x00, 0x00, 0x00, 0x4C, 0x13, 0x00, 0x00, 0x00, 0x00, 0x00, 0x00,
    0x01, 0x00, 0x00, 0x00, 0x44, 0x13, 0x00, 0x00, 0x00, 0x00, 0x00, 0x00, 0x00, 0xE0, 0x00, 0x00,
    0x00, 0xE0, 0x00, 0x00, 0x00, 0xE0, 0x00, 0x00, 0x00, 0xE0, 0x00, 0x00, 0x00, 0xE0, 0x00, 0x00,
    0x00, 0xE0, 0x00, 0x00, 0x01, 0x00, 0x00, 0x00, 0x24, 0x13, 0x00, 0x00, 0x00, 0x00, 0x00, 0x00,
    0x01, 0x00, 0x00, 0x00, 0x1C, 0x13, 0x00, 0x00, 0x00, 0x00, 0x00, 0x00, 0x00, 0xE0, 0x00, 0x00,
    0x00, 0xE0, 0x00, 0x00, 0x00, 0xE0, 0x00, 0x00, 0x00, 0xE0, 0x00, 0x00, 0x00, 0xE0, 0x00, 0x00,
    0x00, 0xE0, 0x00, 0x00, 0x00, 0xE0, 0x00, 0x00, 0x00, 0xE0, 0x00, 0x00, 0x00, 0xE0, 0x00, 0x00,
    0x08, 0x60, 0x16, 0x00, 0x17, 0x00, 0x16, 0xC0, 0x00, 0xE0, 0x00, 0x00, 0x00, 0xE0, 0x00, 0x00,
    0x00, 0xE0, 0x00, 0x00, 0x00, 0xE0, 0x00, 0x00, 0x00, 0xE0, 0x00, 0x00, 0x00, 0xE0, 0x00, 0x00,
    0x00, 0xE0, 0x00, 0x00, 0x00, 0xE0, 0x00, 0x00, 0x00, 0xE0, 0x00, 0x00, 0x00, 0xE0, 0x00, 0x00,
    0x00, 0xE0, 0x00, 0x00, 0x00, 0xE0, 0x00, 0x00, 0x00, 0xE0, 0x00, 0x00, 0x00, 0xE0, 0x00, 0x00,
    0x00, 0xE0, 0x00, 0x00, 0x00, 0xE0, 0x00, 0x00, 0x0A, 0x60, 0x00, 0xE0, 0x00, 0xE0, 0x00, 0x00,
    0x00, 0xE0, 0x00, 0x00, 0x00, 0xE0, 0x00, 0x00, 0x00, 0xE0, 0x00, 0x00, 0x00, 0xE0, 0x00, 0x00,
    0x00, 0xE0, 0x00, 0x00, 0x00, 0xE0, 0x00, 0x00, 0x00, 0xE0, 0x00, 0x00, 0x00, 0xE0, 0x00, 0x00,
    0x1F, 0x60, 0x00, 0xE0, 0x01, 0x00, 0x00, 0x00, 0x7C, 0x12, 0x00, 0x00, 0x00, 0x00, 0x00, 0x00,
    0x00, 0xE0, 0x00, 0x00, 0x00, 0xE0, 0x00, 0x00, 0x00, 0xE0, 0x00, 0x00, 0x00, 0xE0, 0x00, 0x00,
    0x00, 0xE0, 0x00, 0x00, 0x00, 0xE0, 0x00, 0x00, 0x00, 0xE0, 0x00, 0x00, 0x00, 0xE0, 0x00, 0x00,
    0x00, 0xE0, 0x00, 0x00, 0x0C, 0x60, 0x00, 0xE0, 0x00, 0xE0, 0x00, 0x00, 0x00, 0xE0, 0x00, 0x00,
    0x00, 0xE0, 0x00, 0x00, 0x00, 0xE0, 0x00, 0x00, 0x00, 0xE0, 0x00, 0x00, 0x00, 0xE0, 0x00, 0x00,
    0x00, 0xE0, 0x00, 0x00, 0x00, 0xE0, 0x00, 0x00, 0x00, 0xE0, 0x00, 0x00, 0x0B, 0x60, 0x00, 0xE0,
    0x00, 0xE0, 0x00, 0x00, 0x00, 0xE0, 0x00, 0x00, 0x00, 0xE0, 0x00, 0x00, 0x01, 0x00, 0x00, 0x00,
    0x18, 0x12, 0x00, 0x00, 0x00, 0x00, 0x00, 0x00, 0x00, 0xE0, 0x00, 0x00, 0x00, 0xE0, 0x00, 0x00,
    0x00, 0xE0, 0x00, 0x00, 0x00, 0xE0, 0x00, 0x00, 0x00, 0xE0, 0x00, 0x00, 0x00, 0xE0, 0x00, 0x00,
    0x00, 0xE0, 0x00, 0x00, 0x00, 0xE0, 0x00, 0x00, 0x00, 0xE0, 0x00, 0x00, 0x00, 0xE0, 0x00, 0x00,
    0x00, 0xE0, 0x00, 0x00, 0x00, 0xE0, 0x00, 0x00, 0x20, 0x60, 0x00, 0xE0, 0x01, 0x00, 0x00, 0x00,
    0xDC, 0x11, 0x00, 0x00, 0x00, 0x00, 0x00, 0x00, 0x00, 0xE0, 0x00, 0x00, 0x00, 0xE0, 0x00, 0x00,
    0x00, 0xE0, 0x00, 0x00, 0x00, 0xE0, 0x00, 0x00, 0x00, 0xE0, 0x00, 0x00, 0x00, 0xE0, 0x00, 0x00,
    0x00, 0xE0, 0x00, 0x00, 0x00, 0xE0, 0x00, 0x00, 0x00, 0xE0, 0x00, 0x00, 0x1E, 0x60, 0x00, 0xE0,
    0x01, 0x00, 0x00, 0x00, 0xAC, 0x11, 0x00, 0x00, 0x00, 0x00, 0x00, 0x00, 0x00, 0xE0, 0x00, 0x00,
    0x00, 0xE0, 0x00, 0x00, 0x00, 0xE0, 0x00, 0x00, 0x00, 0xE0, 0x00, 0x00, 0x00, 0xE0, 0x00, 0x00,
    0x00, 0xE0, 0x00, 0x00, 0x00, 0xE0, 0x00, 0x00, 0x00, 0xE0, 0x00, 0x00, 0x00, 0xE0, 0x00, 0x00,
    0x21, 0x60, 0x00, 0xE0, 0x01, 0x00, 0x00, 0x00, 0x7C, 0x11, 0x00, 0x00, 0x00, 0x00, 0x00, 0x00,
    0x00, 0xE0, 0x00, 0x00, 0x00, 0xE0, 0x00, 0x00, 0x00, 0xE0, 0x00, 0x00, 0x01, 0x00, 0x00, 0x00,
    0x68, 0x11, 0x00, 0x00, 0x00, 0x00, 0x00, 0x00, 0x01, 0x00, 0x00, 0x00, 0x60, 0x11, 0x00, 0x00,
    0x01, 0x00, 0x00, 0x00, 0x00, 0x00, 0x00, 0x00, 0x05, 0x00, 0x00, 0x00, 0x54, 0x11, 0x00, 0x00,
    0x00, 0x00, 0x00, 0x00, 0x00, 0x00, 0x00, 0x00, 0x01, 0x00, 0x00, 0x00, 0x58, 0x11, 0x00, 0x00,
    0x5C, 0x11, 0x00, 0x00, 0x00, 0x00, 0x00, 0x00, 0x00, 0x00, 0x00, 0x00, 0x01, 0x00, 0x00, 0x00,
    0x54, 0x11, 0x00, 0x00, 0x58, 0x11, 0x00, 0x00, 0x00, 0x00, 0x00, 0x00, 0x00, 0x00, 0x00, 0x00,
    0x01, 0x00, 0x00, 0x00, 0x50, 0x11, 0x00, 0x00, 0x54, 0x11, 0x00, 0x00, 0x00, 0x00, 0x00, 0x00,
    0x00, 0x00, 0x00, 0x00, 0x01, 0x00, 0x00, 0x00, 0x4C, 0x11, 0x00, 0x00, 0x50, 0x11, 0x00, 0x00,
    0x00, 0x00, 0x00, 0x00, 0x00, 0x00, 0x00, 0x00, 0x01, 0x00, 0x00, 0x00, 0x48, 0x11, 0x00, 0x00,
    0x4C, 0x11, 0x00, 0x00, 0x00, 0x00, 0x00, 0x00, 0x00, 0x00, 0x00, 0x00, 0x01, 0x00, 0x00, 0x00,
    0x44, 0x11, 0x00, 0x00, 0x48, 0x11, 0x00, 0x00, 0x06, 0x60, 0x00, 0xE0, 0x00, 0x00, 0x00, 0x00,
    0x00, 0x00, 0x00, 0x00, 0x01, 0x00, 0x00, 0x00, 0x01, 0x00, 0x00, 0x00, 0x38, 0x11, 0x00, 0x00,
    0x00, 0x00, 0x00, 0x00, 0x07, 0x60, 0x00, 0xE0, 0x00, 0x00, 0x00, 0x00, 0x00, 0x00, 0x00, 0x00,
    0x01, 0x00, 0x00, 0x00, 0x01, 0x00, 0x00, 0x00, 0x20, 0x11, 0x00, 0x00, 0x00, 0x00, 0x00, 0x00,
    0x1D, 0x60, 0x00, 0xE0, 0x00, 0x00, 0x00, 0x00, 0x00, 0x00, 0x00, 0x00, 0x01, 0x00, 0x00, 0x00,
    0x01, 0x00, 0x00, 0x00, 0x08, 0x11, 0x00, 0x00, 0x00, 0x00, 0x00, 0x00, 0x00, 0x00, 0x00, 0x00,
    0x00, 0x00, 0x00, 0x00, 0x01, 0x00, 0x00, 0x00, 0xF8, 0x10, 0x00, 0x00, 0xFC, 0x10, 0x00, 0x00,
    0x1C, 0x60, 0x00, 0xE0, 0x00, 0x00, 0x00, 0x00, 0x00, 0x00, 0x00, 0x00, 0x01, 0x00, 0x00, 0x00,
    0x01, 0x00, 0x00, 0x00, 0xE8, 0x10, 0x00, 0x00, 0x00, 0x00, 0x00, 0x00, 0x00, 0x00, 0x00, 0x00,
    0x00, 0x00, 0x00, 0x00, 0x01, 0x00, 0x00, 0x00, 0xD8, 0x10, 0x00, 0x00, 0xDC, 0x10, 0x00, 0x00,
    0x22, 0x60, 0x00, 0xE0, 0x00, 0x00, 0x00, 0x00, 0x00, 0x00, 0x00, 0x00, 0x01, 0x00, 0x00, 0x00,
    0x01, 0x00, 0x00, 0x00, 0xC8, 0x10, 0x00, 0x00, 0x00, 0x00, 0x00, 0x00, 0x01, 0x00, 0x00, 0x00,
    0xC0, 0x10, 0x00, 0x00, 0x01, 0x00, 0x00, 0x00, 0x14, 0x00, 0x00, 0x00, 0x02, 0x00, 0x00, 0x00,
    0xB4, 0x10, 0x00, 0x00, 0x00, 0x00, 0x00, 0x00, 0x00, 0x00, 0x00, 0x00, 0x01, 0x00, 0x00, 0x00,
    0xAC, 0x10, 0x00, 0x00, 0xB0, 0x10, 0x00, 0x00, 0x01, 0x00, 0x00, 0x00, 0xAC, 0x10, 0x00, 0x00,
    0x01, 0x00, 0x00, 0x00, 0x15, 0x00, 0x00, 0x00, 0x02, 0x00, 0x00, 0x00, 0xA0, 0x10, 0x00, 0x00,
    0x00, 0x00, 0x00, 0x00, 0x00, 0x00, 0x00, 0x00, 0x01, 0x00, 0x00, 0x00, 0x98, 0x10, 0x00, 0x00,
    0x9C, 0x10, 0x00, 0x00, 0x24, 0x60, 0x00, 0xE0, 0x00, 0x00, 0x00, 0x00, 0x00, 0x00, 0x00, 0x00,
    0x01, 0x00, 0x00, 0x00, 0x01, 0x00, 0x00, 0x00, 0x88, 0x10, 0x00, 0x00, 0x00, 0x00, 0x00, 0x00,
    0x01, 0x00, 0x00, 0x00, 0x80, 0x10, 0x00, 0x00, 0x01, 0x00, 0x00, 0x00, 0x14, 0x00, 0x00, 0x00,
    0x02, 0x00, 0x00, 0x00, 0x74, 0x10, 0x00, 0x00, 0x00, 0x00, 0x00, 0x00, 0x00, 0x00, 0x00, 0x00,
    0x01, 0x00, 0x00, 0x00, 0x6C, 0x10, 0x00, 0x00, 0x70, 0x10, 0x00, 0x00, 0x01, 0x00, 0x00, 0x00,
    0x6C, 0x10, 0x00, 0x00, 0x01, 0x00, 0x00, 0x00, 0x15, 0x00, 0x00, 0x00, 0x02, 0x00, 0x00, 0x00,
    0x60, 0x10, 0x00, 0x00, 0x00, 0x00, 0x00, 0x00, 0x00, 0x00, 0x00, 0x00, 0x01, 0x00, 0x00, 0x00,
    0x58, 0x10, 0x00, 0x00, 0x5C, 0x10, 0x00, 0x00, 0x23, 0x60, 0x00, 0xE0, 0x00, 0x00, 0x00, 0x00,
    0x00, 0x00, 0x00, 0x00, 0x01, 0x00, 0x00, 0x00, 0x01, 0x00, 0x00, 0x00, 0x48, 0x10, 0x00, 0x00,
    0x00, 0x00, 0x00, 0x00, 0x01, 0x00, 0x00, 0x00, 0x40, 0x10, 0x00, 0x00, 0x01, 0x00, 0x00, 0x00,
    0x14, 0x00, 0x00, 0x00, 0x02, 0x00, 0x00, 0x00, 0x34, 0x10, 0x00, 0x00, 0x00, 0x00, 0x00, 0x00,
    0x00, 0x00, 0x00, 0x00, 0x01, 0x00, 0x00, 0x00, 0x2C, 0x10, 0x00, 0x00, 0x30, 0x10, 0x00, 0x00,
    0x01, 0x00, 0x00, 0x00, 0x2C, 0x10, 0x00, 0x00, 0x01, 0x00, 0x00, 0x00, 0x15, 0x00, 0x00, 0x00,
    0x02, 0x00, 0x00, 0x00, 0x20, 0x10, 0x00, 0x00, 0x00, 0x00, 0x00, 0x00, 0x00, 0x00, 0x00, 0x00,
    0x01, 0x00, 0x00, 0x00, 0x18, 0x10, 0x00, 0x00, 0x1C, 0x10, 0x00, 0x00, 0x00, 0x00, 0x00, 0x00,
    0x00, 0x00, 0x00, 0x00, 0x01, 0x00, 0x00, 0x00, 0x13, 0x00, 0x00, 0x00, 0x02, 0x00, 0x00, 0x00,
    0x08, 0x10, 0x00, 0x00, 0x0E, 0x00, 0x00, 0x00, 0x02, 0x00, 0x00, 0x00, 0x04, 0x10, 0x00, 0x00,
    0x01, 0x00, 0x00, 0x00, 0x04, 0x10, 0x00, 0x00, 0x01, 0x00, 0x00, 0x00, 0x20, 0x00, 0x00, 0x00,
    0x02, 0x00, 0x00, 0x00, 0xF8, 0x0F, 0x00, 0x00, 0x01, 0x00, 0x00, 0x00, 0xF8, 0x0F, 0x00, 0x00,
    0x01, 0x00, 0x00, 0x00, 0x20, 0x00, 0x00, 0x00, 0x02, 0x00, 0x00, 0x00, 0xEC, 0x0F, 0x00, 0x00,
    0x01, 0x00, 0x00, 0x00, 0xEC, 0x0F, 0x00, 0x00, 0x01, 0x00, 0x00, 0x00, 0x20, 0x00, 0x00, 0x00,
    0x02, 0x00, 0x00, 0x00, 0xE0, 0x0F, 0x00, 0x00, 0x01, 0x00, 0x00, 0x00, 0xE0, 0x0F, 0x00, 0x00,
    0x01, 0x00, 0x00, 0x00, 0x20, 0x00, 0x00, 0x00, 0x02, 0x00, 0x00, 0x00, 0xD4, 0x0F, 0x00, 0x00,
    0x00, 0x00, 0x00, 0x00, 0x00, 0x00, 0x00, 0x00, 0x01, 0x00, 0x00, 0x00, 0x13, 0x00, 0x00, 0x00,
    0x02, 0x00, 0x00, 0x00, 0xC4, 0x0F, 0x00, 0x00, 0x0E, 0x00, 0x00, 0x00, 0x02, 0x00, 0x00, 0x00,
    0xC0, 0x0F, 0x00, 0x00, 0x00, 0x00, 0x00, 0x00, 0x00, 0x00, 0x00, 0x00, 0x01, 0x00, 0x00, 0x00,
    0xB8, 0x0F, 0x00, 0x00, 0xBC, 0x0F, 0x00, 0x00, 0x25, 0x60, 0x00, 0xE0, 0x00, 0x00, 0x00, 0x00,
    0x00, 0x00, 0x00, 0x00, 0x01, 0x00, 0x00, 0x00, 0x01, 0x00, 0x00, 0x00, 0xAC, 0x0F, 0x00, 0x00,
    0x00, 0x00, 0x00, 0x00, 0x17, 0x60, 0x00, 0xE0, 0x16, 0x60, 0x00, 0xE0, 0x00, 0xE0, 0x00, 0x00,
    0x00, 0x00, 0x00, 0x00, 0x00, 0x00, 0x00, 0x00, 0x01, 0x00, 0x00, 0x00, 0x01, 0x00, 0x00, 0x00,
    0x8C, 0x0F, 0x00, 0x00, 0x00, 0x00, 0x00, 0x00, 0x01, 0x00, 0x00, 0x00, 0x84, 0x0F, 0x00, 0x00,
    0x00, 0x00, 0x00, 0x00, 0x16, 0x60, 0x00, 0xE0, 0x00, 0x00, 0x00, 0x00, 0x00, 0x00, 0x00, 0x00,
    0x01, 0x00, 0x00, 0x00, 0x01, 0x00, 0x00, 0x00, 0x6C, 0x0F, 0x00, 0x00, 0x00, 0x00, 0x00, 0x00,
    0x17, 0x60, 0x00, 0xE0, 0x00, 0x00, 0x00, 0x00, 0x00, 0x00, 0x00, 0x00, 0x01, 0x00, 0x00, 0x00,
    0x01, 0x00, 0x00, 0x00, 0x54, 0x0F, 0x00, 0x00, 0x00, 0x00, 0x00, 0x00, 0x00, 0x00, 0x00, 0x00,
    0x00, 0x00, 0x00, 0x00, 0x01, 0x00, 0x00, 0x00, 0x13, 0x00, 0x00, 0x00, 0x02, 0x00, 0x00, 0x00,
    0x3C, 0x0F, 0x00, 0x00, 0x00, 0x00, 0x00, 0x00, 0x00, 0x00, 0x00, 0x00, 0x01, 0x00, 0x00, 0x00,
    0x13, 0x00, 0x00, 0x00, 0x02, 0x00, 0x00, 0x00, 0x2C, 0x0F, 0x00, 0x00, 0x01, 0x00, 0x00, 0x00,
    0x2C, 0x0F, 0x00, 0x00, 0x01, 0x00, 0x00, 0x00, 0x00, 0x00, 0x00, 0x00, 0x00, 0x00, 0x00, 0x00,
    0x01, 0x00, 0x00, 0x00, 0x1C, 0x0F, 0x00, 0x00, 0x20, 0x0F, 0x00, 0x00, 0x00, 0x00, 0x00, 0x00,
    0x00, 0x00, 0x00, 0x00, 0x01, 0x00, 0x00, 0x00, 0x14, 0x0F, 0x00, 0x00, 0x18, 0x0F, 0x00, 0x00,
    0x00, 0x00, 0x00, 0x00, 0x00, 0x00, 0x00, 0x00, 0x01, 0x00, 0x00, 0x00, 0x01, 0x00, 0x00, 0x00,
    0x08, 0x0F, 0x00, 0x00, 0x01, 0x00, 0x00, 0x00, 0x29, 0x60, 0x00, 0xE0, 0x00, 0x00, 0x00, 0x00,
    0x00, 0x00, 0x00, 0x00, 0x01, 0x00, 0x00, 0x00, 0x01, 0x00, 0x00, 0x00, 0xF0, 0x0E, 0x00, 0x00,
    0x00, 0x00, 0x00, 0x00, 0x29, 0x60, 0x00, 0xE0, 0x00, 0x00, 0x00, 0x00, 0x00, 0x00, 0x00, 0x00,
    0x01, 0x00, 0x00, 0x00, 0x01, 0x00, 0x00, 0x00, 0xD8, 0x0E, 0x00, 0x00, 0x00, 0x00, 0x00, 0x00,
    0x00, 0x00, 0x00, 0x00, 0x00, 0x00, 0x00, 0x00, 0x00, 0x00, 0x00, 0x00, 0x01, 0x00, 0x00, 0x00,
    0xC4, 0x0E, 0x00, 0x00, 0x01, 0x00, 0x00, 0x00, 0x00, 0x00, 0x00, 0x00, 0x05, 0x00, 0x00, 0x00,
    0xB8, 0x0E, 0x00, 0x00, 0x15, 0x00, 0x00, 0x00, 0x02, 0x00, 0x00, 0x00, 0xC0, 0x0E, 0x00, 0x00,
    0x15, 0x00, 0x00, 0x00, 0x02, 0x00, 0x00, 0x00, 0xBC, 0x0E, 0x00, 0x00, 0x1C, 0x60, 0x00, 0xE0,
    0x00, 0x00, 0x00, 0x00, 0x00, 0x00, 0x00, 0x00, 0x01, 0x00, 0x00, 0x00, 0x01, 0x00, 0x00, 0x00,
    0xAC, 0x0E, 0x00, 0x00, 0x00, 0x00, 0x00, 0x00, 0x01, 0x00, 0x00, 0x00, 0xA4, 0x0E, 0x00, 0x00,
    0x00, 0x00, 0x00, 0x00, 0x1D, 0x60, 0x00, 0xE0, 0x00, 0x00, 0x00, 0x00, 0x00, 0x00, 0x00, 0x00,
    0x01, 0x00, 0x00, 0x00, 0x01, 0x00, 0x00, 0x00, 0x8C, 0x0E, 0x00, 0x00, 0x00, 0x00, 0x00, 0x00,
    0x01, 0x00, 0x00, 0x00, 0x84, 0x0E, 0x00, 0x00, 0x00, 0x00, 0x00, 0x00, 0x00, 0x00, 0x00, 0x00,
    0x00, 0x00, 0x00, 0x00, 0x01, 0x00, 0x00, 0x00, 0x74, 0x0E, 0x00, 0x00, 0x78, 0x0E, 0x00, 0x00,
    0x78, 0x0E, 0x00, 0x00, 0x7C, 0x0E, 0x00, 0x00, 0x7C, 0x0E, 0x00, 0x00, 0x80, 0x0E, 0x00, 0x00,
    0x23, 0x60, 0x00, 0xE0, 0x00, 0x00, 0x00, 0x00, 0x00, 0x00, 0x00, 0x00, 0x01, 0x00, 0x00, 0x00,
    0x01, 0x00, 0x00, 0x00, 0x6C, 0x0E, 0x00, 0x00, 0x00, 0x00, 0x00, 0x00, 0x01, 0x00, 0x00, 0x00,
    0x64, 0x0E, 0x00, 0x00, 0x00, 0x00, 0x00, 0x00, 0x22, 0x60, 0x00, 0xE0, 0x00, 0x00, 0x00, 0x00,
    0x00, 0x00, 0x00, 0x00, 0x01, 0x00, 0x00, 0x00, 0x01, 0x00, 0x00, 0x00, 0x4C, 0x0E, 0x00, 0x00,
    0x00, 0x00, 0x00, 0x00, 0x01, 0x00, 0x00, 0x00, 0x44, 0x0E, 0x00, 0x00, 0x00, 0x00, 0x00, 0x00,
    0x23, 0x60, 0x00, 0xE0, 0x00, 0x00, 0x00, 0x00, 0x00, 0x00, 0x00, 0x00, 0x01, 0x00, 0x00, 0x00,
    0x01, 0x00, 0x00, 0x00, 0x2C, 0x0E, 0x00, 0x00, 0x00, 0x00, 0x00, 0x00, 0x01, 0x00, 0x00, 0x00,
    0x24, 0x0E, 0x00, 0x00, 0x00, 0x00, 0x00, 0x00, 0x01, 0x00, 0x00, 0x00, 0x1C, 0x0E, 0x00, 0x00,
    0x01, 0x00, 0x00, 0x00, 0x00, 0xE0, 0x00, 0x00, 0x00, 0xE0, 0x00, 0x00, 0x00, 0xE0, 0x00, 0x00,
    0x01, 0x00, 0x00, 0x00, 0x08, 0x0E, 0x00, 0x00, 0x00, 0x00, 0x00, 0x00, 0x00, 0xE0, 0x00, 0x00,
    0x00, 0xE0, 0x00, 0x00, 0x00, 0xE0, 0x00, 0x00, 0x00, 0xE0, 0x00, 0x00, 0x00, 0xE0, 0x00, 0x00,
    0x00, 0xE0, 0x00, 0x00, 0x00, 0xE0, 0x00, 0x00, 0x00, 0xE0, 0x00, 0x00, 0x00, 0xE0, 0x00, 0x00,
    0x00, 0xE0, 0x00, 0x00, 0x00, 0xE0, 0x00, 0x00, 0x00, 0xE0, 0x00, 0x00, 0x22, 0xC0, 0x00, 0xE0,
    0x00, 0x00, 0x00, 0x00, 0x00, 0x00, 0x00, 0x00, 0x01, 0x00, 0x00, 0x00, 0x00, 0x00, 0x00, 0x00,
    0x05, 0x00, 0x00, 0x00, 0xBC, 0x0D, 0x00, 0x00, 0x00, 0xE0, 0x00, 0x00, 0x00, 0xE0, 0x00, 0x00,
    0x00, 0xE0, 0x00, 0x00, 0x01, 0x00, 0x00, 0x00, 0xBC, 0x0D, 0x00, 0x00, 0x00, 0x00, 0x00, 0x00,
    0x00, 0xE0, 0x00, 0x00, 0x00, 0xE0, 0x00, 0x00, 0x00, 0xE0, 0x00, 0x00, 0x00, 0xE0, 0x00, 0x00,
    0x00, 0xE0, 0x00, 0x00, 0x00, 0xE0, 0x00, 0x00, 0x00, 0xE0, 0x00, 0x00, 0x00, 0xE0, 0x00, 0x00,
    0x00, 0xE0, 0x00, 0x00, 0x15, 0x60, 0x00, 0xE0, 0x00, 0xE0, 0x00, 0x00, 0x00, 0xE0, 0x00, 0x00,
    0x00, 0xE0, 0x00, 0x00, 0x01, 0x00, 0x00, 0x00, 0x80, 0x0D, 0x00, 0x00, 0x00, 0x00, 0x00, 0x00,
    0x00, 0xE0, 0x00, 0x00, 0x00, 0xE0, 0x00, 0x00, 0x00, 0xE0, 0x00, 0x00, 0x01, 0x00, 0x00, 0x00,
    0x6C, 0x0D, 0x00, 0x00, 0x01, 0x00, 0x00, 0x00, 0x00, 0x00, 0x00, 0x00, 0x05, 0x00, 0x00, 0x00,
    0x60, 0x0D, 0x00, 0x00, 0x00, 0x00, 0x00, 0x00, 0x00, 0x00, 0x00, 0x00, 0x01, 0x00, 0x00, 0x00,
    0x00, 0x00, 0x00, 0x00, 0x00, 0x00, 0x00, 0x00, 0x01, 0x00, 0x00, 0x00, 0x00, 0xE0, 0x00, 0x00,
    0x00, 0xE0, 0x00, 0x00, 0x00, 0xE0, 0x00, 0x00, 0x01, 0x00, 0x00, 0x00, 0x48, 0x0D, 0x00, 0x00,
    0x00, 0x00, 0x00, 0x00, 0x00, 0xE0, 0x00, 0x00, 0x00, 0xE0, 0x00, 0x00, 0x00, 0xE0, 0x00, 0x00,
    0x00, 0xE0, 0x00, 0x00, 0x00, 0xE0, 0x00, 0x00, 0x00, 0xE0, 0x00, 0x00, 0x00, 0xE0, 0x00, 0x00,
    0x00, 0xE0, 0x00, 0x00, 0x00, 0xE0, 0x00, 0x00, 0x00, 0xE0, 0x00, 0x00, 0x00, 0xE0, 0x00, 0x00,
    0x00, 0xE0, 0x00, 0x00, 0x0D, 0x60, 0x00, 0xE0, 0x01, 0x00, 0x00, 0x00, 0x0C, 0x0D, 0x00, 0x00,
    0x01, 0x00, 0x00, 0x00, 0x00, 0x00, 0x00, 0x00, 0x05, 0x00, 0x00, 0x00, 0x00, 0x0D, 0x00, 0x00,
    0x00, 0x00, 0x00, 0x00, 0x00, 0x00, 0x00, 0x00, 0x01, 0x00, 0x00, 0x00, 0x29, 0x60, 0x00, 0xE0,
    0x00, 0x00, 0x00, 0x00, 0x00, 0x00, 0x00, 0x00, 0x01, 0x00, 0x00, 0x00, 0x01, 0x00, 0x00, 0x00,
    0xF0, 0x0C, 0x00, 0x00, 0x00, 0x00, 0x00, 0x00, 0x29, 0x60, 0x00, 0xE0, 0x00, 0x00, 0x00, 0x00,
    0x00, 0x00, 0x00, 0x00, 0x01, 0x00, 0x00, 0x00, 0x01, 0x00, 0x00, 0x00, 0xD8, 0x0C, 0x00, 0x00,
    0x00, 0x00, 0x00, 0x00, 0x00, 0x00, 0x00, 0x00, 0x00, 0x00, 0x00, 0x00, 0x00, 0x00, 0x00, 0x00,
    0x00, 0x00, 0x00, 0x00, 0x00, 0x00, 0x00, 0x00, 0x01, 0x00, 0x00, 0x00, 0x00, 0x00, 0x00, 0x00,
    0x05, 0x00, 0x00, 0x00, 0xB4, 0x0C, 0x00, 0x00, 0x26, 0x60, 0x00, 0xE0, 0x00, 0x00, 0x00, 0x00,
    0x00, 0x00, 0x00, 0x00, 0x01, 0x00, 0x00, 0x00, 0x01, 0x00, 0x00, 0x00, 0xB0, 0x0C, 0x00, 0x00,
    0x00, 0x00, 0x00, 0x00, 0x00, 0xE0, 0x00, 0x00, 0x00, 0xE0, 0x00, 0x00, 0x00, 0xE0, 0x00, 0x00,
    0x00, 0x00, 0x00, 0x00, 0x00, 0x00, 0x00, 0x00, 0x01, 0x00, 0x00, 0x00, 0x00, 0x00, 0x00, 0x00,
    0x05, 0x00, 0x00, 0x00, 0x8C, 0x0C, 0x00, 0x00, 0x00, 0x00, 0x00, 0x00, 0x00, 0x00, 0x00, 0x00,
    0x01, 0x00, 0x00, 0x00, 0x00, 0x00, 0x00, 0x00, 0x05, 0x00, 0x00, 0x00, 0x88, 0x0C, 0x00, 0x00,
    0x26, 0x60, 0x00, 0xE0, 0x00, 0x00, 0x00, 0x00, 0x00, 0x00, 0x00, 0x00, 0x01, 0x00, 0x00, 0x00,
    0x01, 0x00, 0x00, 0x00, 0x84, 0x0C, 0x00, 0x00, 0x00, 0x00, 0x00, 0x00, 0x00, 0x00, 0x00, 0x00,
    0x00, 0x00, 0x00, 0x00, 0x00, 0x00, 0x00, 0x00, 0x29, 0x60, 0x00, 0xE0, 0x00, 0x00, 0x00, 0x00,
    0x00, 0x00, 0x00, 0x00, 0x01, 0x00, 0x00, 0x00, 0x01, 0x00, 0x00, 0x00, 0x60, 0x0C, 0x00, 0x00,
    0x00, 0x00, 0x00, 0x00, 0x01, 0x00, 0x00, 0x00, 0x58, 0x0C, 0x00, 0x00, 0x00, 0x00, 0x00, 0x00,
    0x00, 0xE0, 0x00, 0x00, 0x00, 0xE0, 0x00, 0x00, 0x00, 0xE0, 0x00, 0x00, 0x00, 0xE0, 0x00, 0x00,
    0x00, 0xE0, 0x00, 0x00, 0x00, 0xE0, 0x00, 0x00, 0x00, 0xE0, 0x00, 0x00, 0x00, 0xE0, 0x00, 0x00,
    0x00, 0xE0, 0x00, 0x00, 0x22, 0xC0, 0x00, 0xE0, 0x00, 0xE0, 0x00, 0x00, 0x00, 0xE0, 0x00, 0x00,
    0x00, 0xE0, 0x00, 0x00, 0x1B, 0x00, 0x00, 0xE0, 0x00, 0x00, 0x00, 0x00, 0x00, 0x00, 0x00, 0x00,
    0x01, 0x00, 0x00, 0x00, 0x10, 0x0C, 0x00, 0x00, 0x14, 0x0C, 0x00, 0x00, 0x14, 0x0C, 0x00, 0x00,
    0x18, 0x0C, 0x00, 0x00, 0x00, 0x00, 0x00, 0x00, 0x00, 0x00, 0x00, 0x00, 0x01, 0x00, 0x00, 0x00,
    0x0C, 0x0C, 0x00, 0x00, 0x10, 0x0C, 0x00, 0x00, 0x10, 0x0C, 0x00, 0x00, 0x14, 0x0C, 0x00, 0x00,
    0x01, 0x00, 0x00, 0x00, 0x10, 0x0C, 0x00, 0x00, 0x01, 0x00, 0x00, 0x00, 0x14, 0x00, 0x00, 0x00,
    0x02, 0x00, 0x00, 0x00, 0x04, 0x0C, 0x00, 0x00, 0x13, 0x00, 0x00, 0x00, 0x02, 0x00, 0x00, 0x00,
    0x00, 0x0C, 0x00, 0x00, 0x0E, 0x00, 0x00, 0x00, 0x02, 0x00, 0x00, 0x00, 0xFC, 0x0B, 0x00, 0x00,
    0x01, 0x00, 0x00, 0x00, 0xFC, 0x0B, 0x00, 0x00, 0x01, 0x00, 0x00, 0x00, 0x15, 0x00, 0x00, 0x00,
    0x02, 0x00, 0x00, 0x00, 0xF0, 0x0B, 0x00, 0x00, 0x13, 0x00, 0x00, 0x00, 0x02, 0x00, 0x00, 0x00,
    0xEC, 0x0B, 0x00, 0x00, 0x0E, 0x00, 0x00, 0x00, 0x02, 0x00, 0x00, 0x00, 0xE8, 0x0B, 0x00, 0x00,
    0x13, 0x60, 0x00, 0xE0, 0x00, 0x00, 0x00, 0x00, 0x00, 0x00, 0x00, 0x00, 0x01, 0x00, 0x00, 0x00,
    0x01, 0x00, 0x00, 0x00, 0xD8, 0x0B, 0x00, 0x00, 0x00, 0x00, 0x00, 0x00, 0x01, 0x00, 0x00, 0x00,
    0xD0, 0x0B, 0x00, 0x00, 0x00, 0x00, 0x00, 0x00, 0x00, 0x00, 0x00, 0x00, 0x00, 0x00, 0x00, 0x00,
    0x01, 0x00, 0x00, 0x00, 0x00, 0x00, 0x00, 0x00, 0x05, 0x00, 0x00, 0x00, 0xB8, 0x0B, 0x00, 0x00,
    0x0E, 0x00, 0x00, 0x00, 0x02, 0x00, 0x00, 0x00, 0xC0, 0x0B, 0x00, 0x00, 0x13, 0x00, 0x00, 0x00,
    0x02, 0x00, 0x00, 0x00, 0xBC, 0x0B, 0x00, 0x00, 0x13, 0x00, 0x00, 0x00, 0x02, 0x00, 0x00, 0x00,
    0xB8, 0x0B, 0x00, 0x00, 0x14, 0x60, 0x00, 0xE0, 0x02, 0x60, 0x00, 0xE0, 0x00, 0xE0, 0x00, 0x00,
    0x00, 0x00, 0x00, 0x00, 0x00, 0x00, 0x00, 0x00, 0x01, 0x00, 0x00, 0x00, 0x01, 0x00, 0x00, 0x00,
    0xA0, 0x0B, 0x00, 0x00, 0x00, 0x00, 0x00, 0x00, 0x01, 0x00, 0x00, 0x00, 0x98, 0x0B, 0x00, 0x00,
    0x00, 0x00, 0x00, 0x00, 0x01, 0x00, 0x00, 0x00, 0x90, 0x0B, 0x00, 0x00, 0x01, 0x00, 0x00, 0x00,
    0x8C, 0x0B, 0x00, 0x00, 0x90, 0x0B, 0x00, 0x00, 0x07, 0x00, 0x00, 0xE0, 0x01, 0x00, 0x00, 0x00,
    0x88, 0x0B, 0x00, 0x00, 0x01, 0x00, 0x00, 0x00, 0x01, 0x00, 0x00, 0x00, 0x80, 0x0B, 0x00, 0x00,
    0x01, 0x00, 0x00, 0x00, 0x7C, 0x0B, 0x00, 0x00, 0x80, 0x0B, 0x00, 0x00, 0x07, 0x00, 0x00, 0xE0,
    0x01, 0x00, 0x00, 0x00, 0x78, 0x0B, 0x00, 0x00, 0x01, 0x00, 0x00, 0x00, 0x00, 0x00, 0x00, 0x00,
    0x00, 0x00, 0x00, 0x00, 0x01, 0x00, 0x00, 0x00, 0x68, 0x0B, 0x00, 0x00, 0x6C, 0x0B, 0x00, 0x00,
    0x02, 0x00, 0x00, 0x00, 0x68, 0x0B, 0x00, 0x00, 0x01, 0x00, 0x00, 0x00, 0x10, 0x00, 0x00, 0x00,
    0x02, 0x00, 0x00, 0x00, 0x60, 0x0B, 0x00, 0x00, 0x3B, 0x00, 0x00, 0x00, 0x05, 0x00, 0x00, 0x00,
    0x5C, 0x0B, 0x00, 0x00, 0x13, 0x00, 0x00, 0x00, 0x02, 0x00, 0x00, 0x00, 0x64, 0x0B, 0x00, 0x00,
    0x13, 0x00, 0x00, 0x00, 0x02, 0x00, 0x00, 0x00, 0x60, 0x0B, 0x00, 0x00, 0x02, 0x00, 0x00, 0x00,
    0x60, 0x0B, 0x00, 0x00, 0x01, 0x00, 0x00, 0x00, 0x10, 0x00, 0x00, 0x00, 0x02, 0x00, 0x00, 0x00,
    0x58, 0x0B, 0x00, 0x00, 0x3B, 0x00, 0x00, 0x00, 0x05, 0x00, 0x00, 0x00, 0x54, 0x0B, 0x00, 0x00,
    0x13, 0x00, 0x00, 0x00, 0x02, 0x00, 0x00, 0x00, 0x5C, 0x0B, 0x00, 0x00, 0x13, 0x00, 0x00, 0x00,
    0x02, 0x00, 0x00, 0x00, 0x58, 0x0B, 0x00, 0x00, 0x00, 0x00, 0x00, 0x00, 0x00, 0x00, 0x00, 0x00,
    0x01, 0x00, 0x00, 0x00, 0x0E, 0x00, 0x00, 0x00, 0x02, 0x00, 0x00, 0x00, 0x48, 0x0B, 0x00, 0x00,
    0x13, 0x00, 0x00, 0x00, 0x02, 0x00, 0x00, 0x00, 0x44, 0x0B, 0x00, 0x00, 0x13, 0x00, 0x00, 0x00,
    0x02, 0x00, 0x00, 0x00, 0x40, 0x0B, 0x00, 0x00, 0x01, 0x00, 0x00, 0x00, 0x40, 0x0B, 0x00, 0x00,
    0x01, 0x00, 0x00, 0x00, 0x3B, 0x00, 0x00, 0x00, 0x05, 0x00, 0x00, 0x00, 0x34, 0x0B, 0x00, 0x00,
    0x3B, 0x00, 0x00, 0x00, 0x05, 0x00, 0x00, 0x00, 0x3C, 0x0B, 0x00, 0x00, 0x01, 0x00, 0x00, 0x00,
    0x48, 0x0B, 0x00, 0x00, 0x01, 0x00, 0x00, 0x00, 0x14, 0x00, 0x00, 0x00, 0x02, 0x00, 0x00, 0x00,
    0x3C, 0x0B, 0x00, 0x00, 0x13, 0x00, 0x00, 0x00, 0x02, 0x00, 0x00, 0x00, 0x38, 0x0B, 0x00, 0x00,
    0x13, 0x00, 0x00, 0x00, 0x02, 0x00, 0x00, 0x00, 0x34, 0x0B, 0x00, 0x00, 0x13, 0x00, 0x00, 0x00,
    0x02, 0x00, 0x00, 0x00, 0x30, 0x0B, 0x00, 0x00, 0x13, 0x00, 0x00, 0x00, 0x02, 0x00, 0x00, 0x00,
    0x2C, 0x0B, 0x00, 0x00, 0x13, 0x00, 0x00, 0x00, 0x02, 0x00, 0x00, 0x00, 0x28, 0x0B, 0x00, 0x00,
    0x13, 0x00, 0x00, 0x00, 0x02, 0x00, 0x00, 0x00, 0x24, 0x0B, 0x00, 0x00, 0x13, 0x00, 0x00, 0x00,
    0x02, 0x00, 0x00, 0x00, 0x20, 0x0B, 0x00, 0x00, 0x0F, 0x00, 0x00, 0x00, 0x02, 0x00, 0x00, 0x00,
    0x1C, 0x0B, 0x00, 0x00, 0x13, 0x00, 0x00, 0x00, 0x02, 0x00, 0x00, 0x00, 0x18, 0x0B, 0x00, 0x00,
    0x0F, 0x00, 0x00, 0x00, 0x02, 0x00, 0x00, 0x00, 0x14, 0x0B, 0x00, 0x00, 0x13, 0x00, 0x00, 0x00,
    0x02, 0x00, 0x00, 0x00, 0x10, 0x0B, 0x00, 0x00, 0x0F, 0x00, 0x00, 0x00, 0x02, 0x00, 0x00, 0x00,
    0x0C, 0x0B, 0x00, 0x00, 0x13, 0x00, 0x00, 0x00, 0x02, 0x00, 0x00, 0x00, 0x08, 0x0B, 0x00, 0x00,
    0x0F, 0x00, 0x00, 0x00, 0x02, 0x00, 0x00, 0x00, 0x04, 0x0B, 0x00, 0x00, 0x10, 0x00, 0x00, 0xE0,
    0x01, 0x00, 0x00, 0x00, 0x00, 0x0B, 0x00, 0x00, 0x01, 0x00, 0x00, 0x00, 0x01, 0x00, 0x00, 0x00,
    0xF8, 0x0A, 0x00, 0x00, 0x01, 0x00, 0x00, 0x00, 0x3B, 0x00, 0x00, 0x00, 0x05, 0x00, 0x00, 0x00,
    0xEC, 0x0A, 0x00, 0x00, 0x3B, 0x00, 0x00, 0x00, 0x05, 0x00, 0x00, 0x00, 0xF4, 0x0A, 0x00, 0x00,
    0x10, 0x00, 0x00, 0xE0, 0x01, 0x00, 0x00, 0x00, 0xFC, 0x0A, 0x00, 0x00, 0x01, 0x00, 0x00, 0x00,
    0x00, 0x00, 0x00, 0x00, 0x00, 0x00, 0x00, 0x00, 0x01, 0x00, 0x00, 0x00, 0x15, 0x00, 0x00, 0x00,
    0x02, 0x00, 0x00, 0x00, 0xE4, 0x0A, 0x00, 0x00, 0x13, 0x00, 0x00, 0x00, 0x02, 0x00, 0x00, 0x00,
    0xE0, 0x0A, 0x00, 0x00, 0x13, 0x00, 0x00, 0x00, 0x02, 0x00, 0x00, 0x00, 0xDC, 0x0A, 0x00, 0x00,
    0x13, 0x00, 0x00, 0x00, 0x02, 0x00, 0x00, 0x00, 0xD8, 0x0A, 0x00, 0x00, 0x13, 0x00, 0x00, 0x00,
    0x02, 0x00, 0x00, 0x00, 0xD4, 0x0A, 0x00, 0x00, 0x13, 0x00, 0x00, 0x00, 0x02, 0x00, 0x00, 0x00,
    0xD0, 0x0A, 0x00, 0x00, 0x13, 0x00, 0x00, 0x00, 0x02, 0x00, 0x00, 0x00, 0xCC, 0x0A, 0x00, 0x00,
    0x13, 0x00, 0x00, 0x00, 0x02, 0x00, 0x00, 0x00, 0xC8, 0x0A, 0x00, 0x00, 0x0F, 0x00, 0x00, 0x00,
    0x02, 0x00, 0x00, 0x00, 0xC4, 0x0A, 0x00, 0x00, 0x13, 0x00, 0x00, 0x00, 0x02, 0x00, 0x00, 0x00,
    0xC0, 0x0A, 0x00, 0x00, 0x0F, 0x00, 0x00, 0x00, 0x02, 0x00, 0x00, 0x00, 0xBC, 0x0A, 0x00, 0x00,
    0x13, 0x00, 0x00, 0x00, 0x02, 0x00, 0x00, 0x00, 0xB8, 0x0A, 0x00, 0x00, 0x0F, 0x00, 0x00, 0x00,
    0x02, 0x00, 0x00, 0x00, 0xB4, 0x0A, 0x00, 0x00, 0x13, 0x00, 0x00, 0x00, 0x02, 0x00, 0x00, 0x00,
    0xB0, 0x0A, 0x00, 0x00, 0x0F, 0x00, 0x00, 0x00, 0x02, 0x00, 0x00, 0x00, 0xAC, 0x0A, 0x00, 0x00,
    0x25, 0x60, 0x00, 0xE0, 0x00, 0x00, 0x00, 0x00, 0x00, 0x00, 0x00, 0x00, 0x01, 0x00, 0x00, 0x00,
    0x01, 0x00, 0x00, 0x00, 0x9C, 0x0A, 0x00, 0x00, 0x00, 0x00, 0x00, 0x00, 0x01, 0x00, 0x00, 0x00,
    0x94, 0x0A, 0x00, 0x00, 0x00, 0x00, 0x00, 0x00, 0x25, 0x60, 0x00, 0xE0, 0x00, 0x00, 0x00, 0x00,
    0x00, 0x00, 0x00, 0x00, 0x01, 0x00, 0x00, 0x00, 0x01, 0x00, 0x00, 0x00, 0x7C, 0x0A, 0x00, 0x00,
    0x00, 0x00, 0x00, 0x00, 0x01, 0x00, 0x00, 0x00, 0x74, 0x0A, 0x00, 0x00, 0x00, 0x00, 0x00, 0x00,
    0x01, 0x00, 0x00, 0x00, 0x6C, 0x0A, 0x00, 0x00, 0x01, 0x00, 0x00, 0x00, 0x68, 0x0A, 0x00, 0x00,
    0x6C, 0x0A, 0x00, 0x00, 0x01, 0x00, 0x00, 0x00, 0x68, 0x0A, 0x00, 0x00, 0x01, 0x00, 0x00, 0x00,
    0x64, 0x0A, 0x00, 0x00, 0x68, 0x0A, 0x00, 0x00, 0x01, 0x00, 0x00, 0x00, 0x64, 0x0A, 0x00, 0x00,
    0x01, 0x00, 0x00, 0x00, 0x14, 0x00, 0x00, 0x00, 0x02, 0x00, 0x00, 0x00, 0x58, 0x0A, 0x00, 0x00,
    0x13, 0x00, 0x00, 0x00, 0x02, 0x00, 0x00, 0x00, 0x54, 0x0A, 0x00, 0x00, 0x0F, 0x00, 0x00, 0x00,
    0x02, 0x00, 0x00, 0x00, 0x50, 0x0A, 0x00, 0x00, 0x13, 0x00, 0x00, 0x00, 0x02, 0x00, 0x00, 0x00,
    0x4C, 0x0A, 0x00, 0x00, 0x0F, 0x00, 0x00, 0x00, 0x02, 0x00, 0x00, 0x00, 0x48, 0x0A, 0x00, 0x00,
    0x00, 0x00, 0x00, 0x00, 0x00, 0x00, 0x00, 0x00, 0x01, 0x00, 0x00, 0x00, 0x40, 0x0A, 0x00, 0x00,
    0x44, 0x0A, 0x00, 0x00, 0x01, 0x00, 0x00, 0x00, 0x40, 0x0A, 0x00, 0x00, 0x01, 0x00, 0x00, 0x00,
    0x15, 0x00, 0x00, 0x00, 0x02, 0x00, 0x00, 0x00, 0x34, 0x0A, 0x00, 0x00, 0x13, 0x00, 0x00, 0x00,
    0x02, 0x00, 0x00, 0x00, 0x30, 0x0A, 0x00, 0x00, 0x10, 0x00, 0x00, 0x00, 0x02, 0x00, 0x00, 0x00,
    0x2C, 0x0A, 0x00, 0x00, 0x13, 0x00, 0x00, 0x00, 0x02, 0x00, 0x00, 0x00, 0x28, 0x0A, 0x00, 0x00,
    0x10, 0x00, 0x00, 0x00, 0x02, 0x00, 0x00, 0x00, 0x24, 0x0A, 0x00, 0x00, 0x00, 0x00, 0x00, 0x00,
    0x00, 0x00, 0x00, 0x00, 0x01, 0x00, 0x00, 0x00, 0x1C, 0x0A, 0x00, 0x00, 0x20, 0x0A, 0x00, 0x00,
    0x07, 0x60, 0x00, 0xE0, 0x00, 0x00, 0x00, 0x00, 0x00, 0x00, 0x00, 0x00, 0x01, 0x00, 0x00, 0x00,
    0x01, 0x00, 0x00, 0x00, 0x0C, 0x0A, 0x00, 0x00, 0x00, 0x00, 0x00, 0x00, 0x01, 0x00, 0x00, 0x00,
    0x04, 0x0A, 0x00, 0x00, 0x00, 0x00, 0x00, 0x00, 0x01, 0x00, 0x00, 0x00, 0xFC, 0x09, 0x00, 0x00,
    0x01, 0x00, 0x00, 0x00, 0xF8, 0x09, 0x00, 0x00, 0xFC, 0x09, 0x00, 0x00, 0x01, 0x00, 0x00, 0x00,
    0xF8, 0x09, 0x00, 0x00, 0x01, 0x00, 0x00, 0x00, 0xF4, 0x09, 0x00, 0x00, 0xF8, 0x09, 0x00, 0x00,
    0x01, 0x00, 0x00, 0x00, 0xF4, 0x09, 0x00, 0x00, 0x01, 0x00, 0x00, 0x00, 0x14, 0x00, 0x00, 0x00,
    0x02, 0x00, 0x00, 0x00, 0xE8, 0x09, 0x00, 0x00, 0x13, 0x00, 0x00, 0x00, 0x02, 0x00, 0x00, 0x00,
    0xE4, 0x09, 0x00, 0x00, 0x0F, 0x00, 0x00, 0x00, 0x02, 0x00, 0x00, 0x00, 0xE0, 0x09, 0x00, 0x00,
    0x13, 0x00, 0x00, 0x00, 0x02, 0x00, 0x00, 0x00, 0xDC, 0x09, 0x00, 0x00, 0x0F, 0x00, 0x00, 0x00,
    0x02, 0x00, 0x00, 0x00, 0xD8, 0x09, 0x00, 0x00, 0x00, 0x00, 0x00, 0x00, 0x00, 0x00, 0x00, 0x00,
    0x01, 0x00, 0x00, 0x00, 0xD0, 0x09, 0x00, 0x00, 0xD4, 0x09, 0x00, 0x00, 0x01, 0x00, 0x00, 0x00,
    0xD4, 0x09, 0x00, 0x00, 0x01, 0x00, 0x00, 0x00, 0x15, 0x00, 0x00, 0x00, 0x02, 0x00, 0x00, 0x00,
    0xC8, 0x09, 0x00, 0x00, 0x13, 0x00, 0x00, 0x00, 0x02, 0x00, 0x00, 0x00, 0xC4, 0x09, 0x00, 0x00,
    0x10, 0x00, 0x00, 0x00, 0x02, 0x00, 0x00, 0x00, 0xC0, 0x09, 0x00, 0x00, 0x13, 0x00, 0x00, 0x00,
    0x02, 0x00, 0x00, 0x00, 0xBC, 0x09, 0x00, 0x00, 0x10, 0x00, 0x00, 0x00, 0x02, 0x00, 0x00, 0x00,
    0xB8, 0x09, 0x00, 0x00, 0x06, 0x60, 0x00, 0xE0, 0x00, 0x00, 0x00, 0x00, 0x00, 0x00, 0x00, 0x00,
    0x01, 0x00, 0x00, 0x00, 0x01, 0x00, 0x00, 0x00, 0xA8, 0x09, 0x00, 0x00, 0x00, 0x00, 0x00, 0x00,
    0x01, 0x00, 0x00, 0x00, 0xA0, 0x09, 0x00, 0x00, 0x00, 0x00, 0x00, 0x00, 0x9C, 0x09, 0x00, 0x00,
    0x9C, 0x09, 0x00, 0x00, 0x9C, 0x09, 0x00, 0x00, 0x9C, 0x09, 0x00, 0x00, 0x9C, 0x09, 0x00, 0x00,
    0x9C, 0x09, 0x00, 0x00, 0x9C, 0x09, 0x00, 0x00, 0x9C, 0x09, 0x00, 0x00, 0x01, 0x60, 0x00, 0xF0,
    0x0D, 0x00, 0x00, 0x00, 0x08, 0x00, 0x00, 0xE0, 0x01, 0x60, 0x00, 0xF0, 0x0D, 0x00, 0x00, 0x00,
    0x09, 0x00, 0x00, 0xE0, 0x84, 0x09, 0x00, 0x00, 0x12, 0x60, 0x00, 0xF0, 0x02, 0x00, 0x00, 0x00,
    0x06, 0x00, 0x00, 0xE0, 0x78, 0x09, 0x00, 0x00, 0x78, 0x09, 0x00, 0x00, 0x78, 0x09, 0x00, 0x00,
    0x78, 0x09, 0x00, 0x00, 0x78, 0x09, 0x00, 0x00, 0x78, 0x09, 0x00, 0x00, 0x78, 0x09, 0x00, 0x00,
    0x78, 0x09, 0x00, 0x00, 0x78, 0x09, 0x00, 0x00, 0x13, 0x60, 0x00, 0xF0, 0x02, 0x00, 0x00, 0x00,
    0x0D, 0x00, 0x00, 0xE0, 0x6C, 0x09, 0x00, 0x00, 0x6C, 0x09, 0x00, 0x00, 0x6C, 0x09, 0x00, 0x00,
    0x6C, 0x09, 0x00, 0x00, 0x6C, 0x09, 0x00, 0x00, 0x6C, 0x09, 0x00, 0x00, 0x6C, 0x09, 0x00, 0x00,
    0x6C, 0x09, 0x00, 0x00, 0x6C, 0x09, 0x00, 0x00, 0x6C, 0x09, 0x00, 0x00, 0x6C, 0x09, 0x00, 0x00,
    0x6C, 0x09, 0x00, 0x00, 0x6C, 0x09, 0x00, 0x00, 0x6C, 0x09, 0x00, 0x00, 0x6C, 0x09, 0x00, 0x00,
    0x2B, 0x60, 0x00, 0xF0, 0x02, 0x00, 0x00, 0x00, 0x0D, 0x00, 0x00, 0xE0, 0x13, 0x60, 0x00, 0xF0,
    0x02, 0x00, 0x00, 0x00, 0x06, 0x00, 0x00, 0xE0, 0x54, 0x09, 0x00, 0x00, 0x54, 0x09, 0x00, 0x00,
    0x2B, 0x60, 0x00, 0xF0, 0x02, 0x00, 0x00, 0x00, 0x06, 0x00, 0x00, 0xE0, 0x48, 0x09, 0x00, 0x00,
    0x48, 0x09, 0x00, 0x00, 0x48, 0x09, 0x00, 0x00, 0x48, 0x09, 0x00, 0x00, 0x48, 0x09, 0x00, 0x00,
    0x48, 0x09, 0x00, 0x00, 0x48, 0x09, 0x00, 0x00, 0x48, 0x09, 0x00, 0x00, 0x48, 0x09, 0x00, 0x00,
    0x48, 0x09, 0x00, 0x00, 0x48, 0x09, 0x00, 0x00, 0x48, 0x09, 0x00, 0x00, 0x48, 0x09, 0x00, 0x00,
    0x48, 0x09, 0x00, 0x00, 0x48, 0x09, 0x00, 0x00, 0x48, 0x09, 0x00, 0x00, 0x48, 0x09, 0x00, 0x00,
    0x48, 0x09, 0x00, 0x00, 0x2D, 0x60, 0x00, 0xF0, 0x02, 0x00, 0x00, 0x00, 0x2D, 0x60, 0x15, 0xC0,
    0x00, 0xE0, 0x00, 0x00, 0x38, 0x09, 0x00, 0x00, 0x0E, 0x60, 0x00, 0xF0, 0x02, 0x00, 0x00, 0x00,
    0x0E, 0x60, 0x15, 0xC0, 0x00, 0xE0, 0x00, 0x00, 0x28, 0x09, 0x00, 0x00, 0x28, 0x09, 0x00, 0x00,
    0x28, 0x09, 0x00, 0x00, 0x28, 0x09, 0x00, 0x00, 0x28, 0x09, 0x00, 0x00, 0x28, 0x09, 0x00, 0x00,
    0x28, 0x09, 0x00, 0x00, 0x28, 0x09, 0x00, 0x00, 0x28, 0x09, 0x00, 0x00, 0x0F, 0x60, 0x00, 0xF0,
    0x15, 0x00, 0x00, 0x00, 0x22, 0xC0, 0x00, 0xE0, 0x1C, 0x09, 0x00, 0x00, 0x1C, 0x09, 0x00, 0x00,
    0x1C, 0x09, 0x00, 0x00, 0x1C, 0x09, 0x00, 0x00, 0x1C, 0x09, 0x00, 0x00, 0x1C, 0x09, 0x00, 0x00,
    0x1C, 0x09, 0x00, 0x00, 0x1C, 0x09, 0x00, 0x00, 0x1C, 0x09, 0x00, 0x00, 0x1C, 0x09, 0x00, 0x00,
    0x1C, 0x09, 0x00, 0x00, 0x1C, 0x09, 0x00, 0x00, 0x1C, 0x09, 0x00, 0x00, 0x1C, 0x09, 0x00, 0x00,
    0x1C, 0x09, 0x00, 0x00, 0x1C, 0x09, 0x00, 0x00, 0x1C, 0x09, 0x00, 0x00, 0x1C, 0x09, 0x00, 0x00,
    0x1C, 0x09, 0x00, 0x00, 0x1C, 0x09, 0x00, 0x00, 0x1C, 0x09, 0x00, 0x00, 0x1C, 0x09, 0x00, 0x00,
    0x1C, 0x09, 0x00, 0x00, 0x1C, 0x09, 0x00, 0x00, 0x1C, 0x09, 0x00, 0x00, 0x1C, 0x09, 0x00, 0x00,
    0x1C, 0x09, 0x00, 0x00, 0x1C, 0x09, 0x00, 0x00, 0x1C, 0x09, 0x00, 0x00, 0x1C, 0x09, 0x00, 0x00,
    0x1C, 0x09, 0x00, 0x00, 0x1C, 0x09, 0x00, 0x00, 0x1C, 0x09, 0x00, 0x00, 0x1C, 0x09, 0x00, 0x00,
    0x1C, 0x09, 0x00, 0x00, 0x1C, 0x09, 0x00, 0x00, 0x1C, 0x09, 0x00, 0x00, 0x1C, 0x09, 0x00, 0x00,
    0x1C, 0x09, 0x00, 0x00, 0x1C, 0x09, 0x00, 0x00, 0x1C, 0x09, 0x00, 0x00, 0x1C, 0x09, 0x00, 0x00,
    0x1C, 0x09, 0x00, 0x00, 0x1C, 0x09, 0x00, 0x00, 0x1C, 0x09, 0x00, 0x00, 0x1C, 0x09, 0x00, 0x00,
    0x1C, 0x09, 0x00, 0x00, 0x1C, 0x09, 0x00, 0x00, 0x1C, 0x09, 0x00, 0x00, 0x1C, 0x09, 0x00, 0x00,
    0x1C, 0x09, 0x00, 0x00, 0x1C, 0x09, 0x00, 0x00, 0x1C, 0x09, 0x00, 0x00, 0x1C, 0x09, 0x00, 0x00,
    0x1C, 0x09, 0x00, 0x00, 0x1C, 0x09, 0x00, 0x00, 0x1C, 0x09, 0x00, 0x00, 0x1C, 0x09, 0x00, 0x00,
    0x1C, 0x09, 0x00, 0x00, 0x1C, 0x09, 0x00, 0x00, 0x1C, 0x09, 0x00, 0x00, 0x1C, 0x09, 0x00, 0x00,
    0x1C, 0x09, 0x00, 0x00, 0x1C, 0x09, 0x00, 0x00, 0x1C, 0x09, 0x00, 0x00, 0x1C, 0x09, 0x00, 0x00,
    0x1C, 0x09, 0x00, 0x00, 0x1C, 0x09, 0x00, 0x00, 0x1C, 0x09, 0x00, 0x00, 0x1C, 0x09, 0x00, 0x00,
    0x1C, 0x09, 0x00, 0x00, 0x1C, 0x09, 0x00, 0x00, 0x1C, 0x09, 0x00, 0x00, 0x1C, 0x09, 0x00, 0x00,
    0x1C, 0x09, 0x00, 0x00, 0x1C, 0x09, 0x00, 0x00, 0x1C, 0x09, 0x00, 0x00, 0x1C, 0x09, 0x00, 0x00,
    0x1C, 0x09, 0x00, 0x00, 0x1C, 0x09, 0x00, 0x00, 0x1C, 0x09, 0x00, 0x00, 0x1C, 0x09, 0x00, 0x00,
    0x1C, 0x09, 0x00, 0x00, 0x06, 0x60, 0x00, 0xF0, 0x02, 0x00, 0x00, 0x00, 0x06, 0x60, 0x15, 0xC0,
    0x00, 0xE0, 0x00, 0x00, 0x07, 0x60, 0x00, 0xF0, 0x02, 0x00, 0x00, 0x00, 0x07, 0x60, 0x15, 0xC0,
    0x00, 0xE0, 0x00, 0x00, 0x18, 0x60, 0x00, 0xF0, 0x02, 0x00, 0x00, 0x00, 0x18, 0x60, 0x15, 0xC0,
    0x00, 0xE0, 0x00, 0x00, 0x1A, 0x60, 0x00, 0xF0, 0x02, 0x00, 0x00, 0x00, 0x1A, 0x60, 0x15, 0xC0,
    0x00, 0xE0, 0x00, 0x00, 0x19, 0x60, 0x00, 0xF0, 0x02, 0x00, 0x00, 0x00, 0x19, 0x60, 0x15, 0xC0,
    0x00, 0xE0, 0x00, 0x00, 0x1B, 0x60, 0x00, 0xF0, 0x02, 0x00, 0x00, 0x00, 0x1B, 0x60, 0x15, 0xC0,
    0x00, 0xE0, 0x00, 0x00, 0xBC, 0x08, 0x00, 0x00, 0xBC, 0x08, 0x00, 0x00, 0xBC, 0x08, 0x00, 0x00,
    0x09, 0x60, 0x00, 0xF0, 0x02, 0x00, 0x00, 0x00, 0x06, 0x00, 0x00, 0xE0, 0xB0, 0x08, 0x00, 0x00,
    0x08, 0x60, 0x00, 0xF0, 0x02, 0x00, 0x00, 0x00, 0x06, 0x00, 0x00, 0xE0, 0xA4, 0x08, 0x00, 0x00,
    0xA4, 0x08, 0x00, 0x00, 0xA4, 0x08, 0x00, 0x00, 0xA4, 0x08, 0x00, 0x00, 0x0A, 0x60, 0x00, 0xF0,
    0x0D, 0x00, 0x00, 0x00, 0x19, 0x00, 0x00, 0xE0, 0x98, 0x08, 0x00, 0x00, 0x98, 0x08, 0x00, 0x00,
    0x98, 0x08, 0x00, 0x00, 0x0A, 0x60, 0x00, 0xF0, 0x0D, 0x00, 0x00, 0x00, 0x1A, 0x00, 0x00, 0xE0,
    0x8C, 0x08, 0x00, 0x00, 0x8C, 0x08, 0x00, 0x00, 0x8C, 0x08, 0x00, 0x00, 0x8C, 0x08, 0x00, 0x00,
    0x0B, 0x60, 0x00, 0xF0, 0x0D, 0x00, 0x00, 0x00, 0x19, 0x00, 0x00, 0xE0, 0x80, 0x08, 0x00, 0x00,
    0x80, 0x08, 0x00, 0x00, 0x80, 0x08, 0x00, 0x00, 0x0B, 0x60, 0x00, 0xF0, 0x0D, 0x00, 0x00, 0x00,
    0x1A, 0x00, 0x00, 0xE0, 0x74, 0x08, 0x00, 0x00, 0x74, 0x08, 0x00, 0x00, 0x74, 0x08, 0x00, 0x00,
    0x74, 0x08, 0x00, 0x00, 0x0C, 0x60, 0x00, 0xF0, 0x0D, 0x00, 0x00, 0x00, 0x19, 0x00, 0x00, 0xE0,
    0x68, 0x08, 0x00, 0x00, 0x68, 0x08, 0x00, 0x00, 0x68, 0x08, 0x00, 0x00, 0x0C, 0x60, 0x00, 0xF0,
    0x0D, 0x00, 0x00, 0x00, 0x1A, 0x00, 0x00, 0xE0, 0x5C, 0x08, 0x00, 0x00, 0x5C, 0x08, 0x00, 0x00,
    0x5C, 0x08, 0x00, 0x00, 0x5C, 0x08, 0x00, 0x00, 0x5C, 0x08, 0x00, 0x00, 0x5C, 0x08, 0x00, 0x00,
    0x5C, 0x08, 0x00, 0x00, 0x5C, 0x08, 0x00, 0x00, 0x5C, 0x08, 0x00, 0x00, 0x5C, 0x08, 0x00, 0x00,
    0x5C, 0x08, 0x00, 0x00, 0x5C, 0x08, 0x00, 0x00, 0x5C, 0x08, 0x00, 0x00, 0x5C, 0x08, 0x00, 0x00,
    0x5C, 0x08, 0x00, 0x00, 0x5C, 0x08, 0x00, 0x00, 0x5C, 0x08, 0x00, 0x00, 0x5C, 0x08, 0x00, 0x00,
    0x5C, 0x08, 0x00, 0x00, 0x5C, 0x08, 0x00, 0x00, 0x25, 0x60, 0x00, 0xF0, 0x02, 0x00, 0x00, 0x00,
    0x25, 0x60, 0x15, 0xC0, 0x00, 0xE0, 0x00, 0x00, 0x4C, 0x08, 0x00, 0x00, 0x4C, 0x08, 0x00, 0x00,
    0x4C, 0x08, 0x00, 0x00, 0x4C, 0x08, 0x00, 0x00, 0x4C, 0x08, 0x00, 0x00, 0x4C, 0x08, 0x00, 0x00,
    0x4C, 0x08, 0x00, 0x00, 0x4C, 0x08, 0x00, 0x00, 0x4C, 0x08, 0x00, 0x00, 0x4C, 0x08, 0x00, 0x00,
    0x08, 0x60, 0x00, 0xF0, 0x02, 0x00, 0x00, 0x00, 0x0D, 0x00, 0x00, 0xE0, 0x09, 0x60, 0x00, 0xF0,
    0x02, 0x00, 0x00, 0x00, 0x0D, 0x00, 0x00, 0xE0, 0x34, 0x08, 0x00, 0x00, 0x34, 0x08, 0x00, 0x00,
    0x34, 0x08, 0x00, 0x00, 0x34, 0x08, 0x00, 0x00, 0x34, 0x08, 0x00, 0x00, 0x34, 0x08, 0x00, 0x00,
    0x34, 0x08, 0x00, 0x00, 0x34, 0x08, 0x00, 0x00, 0x34, 0x08, 0x00, 0x00, 0x34, 0x08, 0x00, 0x00,
    0x34, 0x08, 0x00, 0x00, 0x34, 0x08, 0x00, 0x00, 0x34, 0x08, 0x00, 0x00, 0x34, 0x08, 0x00, 0x00,
    0x34, 0x08, 0x00, 0x00, 0x34, 0x08, 0x00, 0x00, 0x34, 0x08, 0x00, 0x00, 0x06, 0x60, 0x00, 0xF0,
    0x02, 0x00, 0x00, 0x00, 0x0D, 0x00, 0x00, 0xE0, 0x07, 0x60, 0x00, 0xF0, 0x02, 0x00, 0x00, 0x00,
    0x0D, 0x00, 0x00, 0xE0, 0x25, 0x60, 0x00, 0xF0, 0x02, 0x00, 0x00, 0x00, 0x0D, 0x00, 0x00, 0xE0,
    0x10, 0x08, 0x00, 0x00, 0x10, 0x08, 0x00, 0x00, 0x10, 0x08, 0x00, 0x00, 0x10, 0x08, 0x00, 0x00,
    0x10, 0x08, 0x00, 0x00, 0x10, 0x08, 0x00, 0x00, 0x10, 0x08, 0x00, 0x00, 0x10, 0x08, 0x00, 0x00,
    0x10, 0x08, 0x00, 0x00, 0x10, 0x08, 0x00, 0x00, 0x10, 0x08, 0x00, 0x00, 0x10, 0x08, 0x00, 0x00,
    0x10, 0x08, 0x00, 0x00, 0x10, 0x08, 0x00, 0x00, 0x10, 0x08, 0x00, 0x00, 0x10, 0x08, 0x00, 0x00,
    0x10, 0x08, 0x00, 0x00, 0x10, 0x08, 0x00, 0x00, 0x10, 0x08, 0x00, 0x00, 0x10, 0x08, 0x00, 0x00,
    0x10, 0x08, 0x00, 0x00, 0x10, 0x08, 0x00, 0x00, 0x10, 0x08, 0x00, 0x00, 0x10, 0x08, 0x00, 0x00,
    0x10, 0x08, 0x00, 0x00, 0x10, 0x08, 0x00, 0x00, 0x10, 0x08, 0x00, 0x00, 0x10, 0x08, 0x00, 0x00,
    0x10, 0x08, 0x00, 0x00, 0x10, 0x08, 0x00, 0x00, 0x10, 0x08, 0x00, 0x00, 0x10, 0x08, 0x00, 0x00,
    0x10, 0x08, 0x00, 0x00, 0x10, 0x08, 0x00, 0x00, 0x10, 0x08, 0x00, 0x00, 0x10, 0x08, 0x00, 0x00,
    0x10, 0x08, 0x00, 0x00, 0x10, 0x08, 0x00, 0x00, 0x10, 0x08, 0x00, 0x00, 0x10, 0x08, 0x00, 0x00,
    0x10, 0x08, 0x00, 0x00, 0x10, 0x08, 0x00, 0x00, 0x10, 0x08, 0x00, 0x00, 0x10, 0x08, 0x00, 0x00,
    0x10, 0x08, 0x00, 0x00, 0x10, 0x08, 0x00, 0x00, 0x10, 0x08, 0x00, 0x00, 0x10, 0x08, 0x00, 0x00,
    0x10, 0x08, 0x00, 0x00, 0x00, 0x60, 0x00, 0xF0, 0x0D, 0x00, 0x00, 0x00, 0x1C, 0x00, 0x00, 0xE0,
    0x13, 0x60, 0x00, 0xF0, 0x02, 0x00, 0x00, 0x00, 0x06, 0x00, 0x00, 0xE0, 0x00, 0x60, 0x00, 0xF0,
    0x0D, 0x00, 0x00, 0x00, 0x1D, 0x00, 0x00, 0xE0, 0x13, 0x60, 0x00, 0xF0, 0x02, 0x00, 0x00, 0x00,
    0x0D, 0x00, 0x00, 0xE0, 0xE0, 0x07, 0x00, 0x00, 0xE0, 0x07, 0x00, 0x00, 0xE0, 0x07, 0x00, 0x00,
    0xE0, 0x07, 0x00, 0x00, 0xE0, 0x07, 0x00, 0x00, 0xE0, 0x07, 0x00, 0x00, 0xE0, 0x07, 0x00, 0x00,
    0xE0, 0x07, 0x00, 0x00, 0xE0, 0x07, 0x00, 0x00, 0xE0, 0x07, 0x00, 0x00, 0xE0, 0x07, 0x00, 0x00,
    0xE0, 0x07, 0x00, 0x00, 0xE0, 0x07, 0x00, 0x00, 0xE0, 0x07, 0x00, 0x00, 0xE0, 0x07, 0x00, 0x00,
    0xE0, 0x07, 0x00, 0x00, 0xE0, 0x07, 0x00, 0x00, 0xE0, 0x07, 0x00, 0x00, 0xE0, 0x07, 0x00, 0x00,
    0xE0, 0x07, 0x00, 0x00, 0xE0, 0x07, 0x00, 0x00, 0xE0, 0x07, 0x00, 0x00, 0xE0, 0x07, 0x00, 0x00,
    0xE0, 0x07, 0x00, 0x00, 0xE0, 0x07, 0x00, 0x00, 0xE0, 0x07, 0x00, 0x00, 0xE0, 0x07, 0x00, 0x00,
    0xE0, 0x07, 0x00, 0x00, 0xE0, 0x07, 0x00, 0x00, 0xE0, 0x07, 0x00, 0x00, 0x03, 0x60, 0x00, 0xF0,
    0x0D, 0x00, 0x00, 0x00, 0x1E, 0x00, 0x00, 0xE0, 0xD4, 0x07, 0x00, 0x00, 0xD4, 0x07, 0x00, 0x00,
    0x03, 0x60, 0x00, 0xF0, 0x0D, 0x00, 0x00, 0x00, 0x1F, 0x00, 0x00, 0xE0, 0xC8, 0x07, 0x00, 0x00,
    0x02, 0x60, 0x00, 0xF0, 0x0D, 0x00, 0x00, 0x00, 0x20, 0x00, 0x00, 0xE0, 0xBC, 0x07, 0x00, 0x00,
    0xBC, 0x07, 0x00, 0x00, 0xBC, 0x07, 0x00, 0x00, 0xBC, 0x07, 0x00, 0x00, 0xBC, 0x07, 0x00, 0x00,
    0xBC, 0x07, 0x00, 0x00, 0xBC, 0x07, 0x00, 0x00, 0xBC, 0x07, 0x00, 0x00, 0xBC, 0x07, 0x00, 0x00,
    0xBC, 0x07, 0x00, 0x00, 0xBC, 0x07, 0x00, 0x00, 0xBC, 0x07, 0x00, 0x00, 0xBC, 0x07, 0x00, 0x00,
    0xBC, 0x07, 0x00, 0x00, 0xBC, 0x07, 0x00, 0x00, 0xBC, 0x07, 0x00, 0x00, 0xBC, 0x07, 0x00, 0x00,
    0xBC, 0x07, 0x00, 0x00, 0xBC, 0x07, 0x00, 0x00, 0xBC, 0x07, 0x00, 0x00, 0xBC, 0x07, 0x00, 0x00,
    0xBC, 0x07, 0x00, 0x00, 0xBC, 0x07, 0x00, 0x00, 0xBC, 0x07, 0x00, 0x00, 0xBC, 0x07, 0x00, 0x00,
    0xBC, 0x07, 0x00, 0x00, 0xBC, 0x07, 0x00, 0x00, 0xBC, 0x07, 0x00, 0x00, 0xBC, 0x07, 0x00, 0x00,
    0xBC, 0x07, 0x00, 0x00, 0xBC, 0x07, 0x00, 0x00, 0xBC, 0x07, 0x00, 0x00, 0xBC, 0x07, 0x00, 0x00,
    0xBC, 0x07, 0x00, 0x00, 0xBC, 0x07, 0x00, 0x00, 0xBC, 0x07, 0x00, 0x00, 0xBC, 0x07, 0x00, 0x00,
    0xBC, 0x07, 0x00, 0x00, 0xBC, 0x07, 0x00, 0x00, 0xBC, 0x07, 0x00, 0x00, 0xBC, 0x07, 0x00, 0x00,
    0xBC, 0x07, 0x00, 0x00, 0xBC, 0x07, 0x00, 0x00, 0xBC, 0x07, 0x00, 0x00, 0xBC, 0x07, 0x00, 0x00,
    0xBC, 0x07, 0x00, 0x00, 0xBC, 0x07, 0x00, 0x00, 0xBC, 0x07, 0x00, 0x00, 0xBC, 0x07, 0x00, 0x00,
    0xBC, 0x07, 0x00, 0x00, 0xBC, 0x07, 0x00, 0x00, 0xBC, 0x07, 0x00, 0x00, 0xBC, 0x07, 0x00, 0x00,
    0xBC, 0x07, 0x00, 0x00, 0xBC, 0x07, 0x00, 0x00, 0xBC, 0x07, 0x00, 0x00, 0xBC, 0x07, 0x00, 0x00,
    0xBC, 0x07, 0x00, 0x00, 0xBC, 0x07, 0x00, 0x00, 0xBC, 0x07, 0x00, 0x00, 0xBC, 0x07, 0x00, 0x00,
    0xBC, 0x07, 0x00, 0x00, 0xBC, 0x07, 0x00, 0x00, 0xBC, 0x07, 0x00, 0x00, 0xBC, 0x07, 0x00, 0x00,
    0xBC, 0x07, 0x00, 0x00, 0xBC, 0x07, 0x00, 0x00, 0xBC, 0x07, 0x00, 0x00, 0xBC, 0x07, 0x00, 0x00,
    0xBC, 0x07, 0x00, 0x00, 0xBC, 0x07, 0x00, 0x00, 0xBC, 0x07, 0x00, 0x00, 0xBC, 0x07, 0x00, 0x00,
    0xBC, 0x07, 0x00, 0x00, 0xBC, 0x07, 0x00, 0x00, 0xBC, 0x07, 0x00, 0x00, 0xBC, 0x07, 0x00, 0x00,
    0xBC, 0x07, 0x00, 0x00, 0xBC, 0x07, 0x00, 0x00, 0xBC, 0x07, 0x00, 0x00, 0xBC, 0x07, 0x00, 0x00,
    0xBC, 0x07, 0x00, 0x00, 0xBC, 0x07, 0x00, 0x00, 0xBC, 0x07, 0x00, 0x00, 0xBC, 0x07, 0x00, 0x00,
    0xBC, 0x07, 0x00, 0x00, 0xBC, 0x07, 0x00, 0x00, 0xBC, 0x07, 0x00, 0x00, 0xBC, 0x07, 0x00, 0x00,
    0xBC, 0x07, 0x00, 0x00, 0xBC, 0x07, 0x00, 0x00, 0xBC, 0x07, 0x00, 0x00, 0xBC, 0x07, 0x00, 0x00,
    0xBC, 0x07, 0x00, 0x00, 0xBC, 0x07, 0x00, 0x00, 0xBC, 0x07, 0x00, 0x00, 0xBC, 0x07, 0x00, 0x00,
    0xBC, 0x07, 0x00, 0x00, 0xBC, 0x07, 0x00, 0x00, 0xBC, 0x07, 0x00, 0x00, 0xBC, 0x07, 0x00, 0x00,
    0xBC, 0x07, 0x00, 0x00, 0xBC, 0x07, 0x00, 0x00, 0xBC, 0x07, 0x00, 0x00, 0xBC, 0x07, 0x00, 0x00,
    0xBC, 0x07, 0x00, 0x00, 0xBC, 0x07, 0x00, 0x00, 0xBC, 0x07, 0x00, 0x00, 0xBC, 0x07, 0x00, 0x00,
    0xBC, 0x07, 0x00, 0x00, 0xBC, 0x07, 0x00, 0x00, 0xBC, 0x07, 0x00, 0x00, 0xBC, 0x07, 0x00, 0x00,
    0xBC, 0x07, 0x00, 0x00, 0xBC, 0x07, 0x00, 0x00, 0xBC, 0x07, 0x00, 0x00, 0xBC, 0x07, 0x00, 0x00,
    0xBC, 0x07, 0x00, 0x00, 0xBC, 0x07, 0x00, 0x00, 0xBC, 0x07, 0x00, 0x00, 0xBC, 0x07, 0x00, 0x00,
    0xBC, 0x07, 0x00, 0x00, 0x05, 0x60, 0x00, 0xF0, 0x0D, 0x00, 0x00, 0x00, 0x28, 0x00, 0x00, 0xE0,
    0xB0, 0x07, 0x00, 0x00, 0x05, 0x60, 0x00, 0xF0, 0x0D, 0x00, 0x00, 0x00, 0x29, 0x00, 0x00, 0xE0,
    0xA4, 0x07, 0x00, 0x00, 0xA4, 0x07, 0x00, 0x00, 0xA4, 0x07, 0x00, 0x00, 0xA4, 0x07, 0x00, 0x00,
    0xA4, 0x07, 0x00, 0x00, 0xA4, 0x07, 0x00, 0x00, 0xA4, 0x07, 0x00, 0x00, 0xA4, 0x07, 0x00, 0x00,
    0xA4, 0x07, 0x00, 0x00, 0xA4, 0x07, 0x00, 0x00, 0xA4, 0x07, 0x00, 0x00, 0x17, 0x60, 0x00, 0xF0,
    0x02, 0x00, 0x00, 0x00, 0x06, 0x00, 0x00, 0xE0, 0x98, 0x07, 0x00, 0x00, 0x98, 0x07, 0x00, 0x00,
    0x98, 0x07, 0x00, 0x00, 0x98, 0x07, 0x00, 0x00, 0x98, 0x07, 0x00, 0x00, 0x98, 0x07, 0x00, 0x00,
    0x98, 0x07, 0x00, 0x00, 0x98, 0x07, 0x00, 0x00, 0x98, 0x07, 0x00, 0x00, 0x98, 0x07, 0x00, 0x00,
    0x98, 0x07, 0x00, 0x00, 0x17, 0x60, 0x00, 0xF0, 0x02, 0x00, 0x00, 0x00, 0x0D, 0x00, 0x00, 0xE0,
    0x8C, 0x07, 0x00, 0x00, 0x8C, 0x07, 0x00, 0x00, 0x8C, 0x07, 0x00, 0x00, 0x04, 0x60, 0x00, 0xF0,
    0x0D, 0x00, 0x00, 0x00, 0x28, 0x00, 0x00, 0xE0, 0x80, 0x07, 0x00, 0x00, 0x04, 0x60, 0x00, 0xF0,
    0x0D, 0x00, 0x00, 0x00, 0x29, 0x00, 0x00, 0xE0, 0x74, 0x07, 0x00, 0x00, 0x74, 0x07, 0x00, 0x00,
    0x74, 0x07, 0x00, 0x00, 0x74, 0x07, 0x00, 0x00, 0x74, 0x07, 0x00, 0x00, 0x74, 0x07, 0x00, 0x00,
    0x74, 0x07, 0x00, 0x00, 0x74, 0x07, 0x00, 0x00, 0x74, 0x07, 0x00, 0x00, 0x74, 0x07, 0x00, 0x00,
    0x74, 0x07, 0x00, 0x00, 0x16, 0x60, 0x00, 0xF0, 0x02, 0x00, 0x00, 0x00, 0x16, 0x60, 0x15, 0xC0,
    0x00, 0xE0, 0x00, 0x00, 0x64, 0x07, 0x00, 0x00, 0x64, 0x07, 0x00, 0x00, 0x64, 0x07, 0x00, 0x00,
    0x64, 0x07, 0x00, 0x00, 0x64, 0x07, 0x00, 0x00, 0x64, 0x07, 0x00, 0x00, 0x64, 0x07, 0x00, 0x00,
    0x64, 0x07, 0x00, 0x00, 0x64, 0x07, 0x00, 0x00, 0x64, 0x07, 0x00, 0x00, 0x64, 0x07, 0x00, 0x00,
    0x64, 0x07, 0x00, 0x00, 0x64, 0x07, 0x00, 0x00, 0x09, 0x00, 0x00, 0x00, 0x02, 0x00, 0x00, 0xE0,
    0x03, 0x00, 0x00, 0xE0, 0x04, 0x00, 0x00, 0xE0, 0x05, 0x00, 0x00, 0xE0, 0x06, 0x00, 0x00, 0xE0,
    0x04, 0x00, 0x01, 0x00, 0x05, 0x00, 0x02, 0x00, 0x0A, 0x00, 0x05, 0x00, 0x06, 0x00, 0x03, 0x00,
    0x07, 0x00, 0x04, 0x00, 0x28, 0x00, 0x00, 0x00, 0x19, 0x00, 0x01, 0x00, 0x26, 0x00, 0x02, 0x00,
    0x1D, 0x00, 0x03, 0x00, 0x27, 0x00, 0x04, 0x00, 0x30, 0x00, 0x05, 0x00, 0x28, 0x00, 0x00, 0x00,
    0x2C, 0x00, 0x07, 0x00, 0x0E, 0x00, 0x00, 0xE0, 0x03, 0x00, 0x00, 0xE0, 0x04, 0x00, 0x00, 0xE0,
    0x0F, 0x00, 0x00, 0xE0, 0x06, 0x00, 0x00, 0xE0, 0x20, 0x00, 0x08, 0x00, 0x2A, 0x00, 0x00, 0xE0,
    0x0D, 0x00, 0x00, 0xE0, 0x2B, 0x00, 0x00, 0xE0, 0x06, 0x00, 0x00, 0xE0, 0x2A, 0x00, 0x00, 0xE0,
    0x06, 0x00, 0x00, 0xE0, 0x2B, 0x00, 0x00, 0xE0, 0x0D, 0x00, 0x00, 0xE0, 0x23, 0x00, 0x0C, 0x00,
    0x23, 0x00, 0x0C, 0x00, 0x2C, 0x00, 0x00, 0xE0, 0x06, 0x00, 0x00, 0xE0, 0x2D, 0x00, 0x00, 0xE0,
    0x0D, 0x00, 0x00, 0xE0, 0x2C, 0x00, 0x00, 0xE0, 0x0D, 0x00, 0x00, 0xE0, 0x2D, 0x00, 0x00, 0xE0,
    0x06, 0x00, 0x00, 0xE0, 0x21, 0x00, 0x0D, 0x00, 0x24, 0x00, 0x0F, 0x00, 0x22, 0x00, 0x0E, 0x00,
    0x1C, 0x00, 0x0A, 0x00, 0x1B, 0x00, 0x09, 0x00, 0x1C, 0x00, 0x0A, 0x00, 0x17, 0x00, 0x06, 0x00,
    0x1E, 0x00, 0x0B, 0x00, 0x20, 0x00, 0x08, 0x00, 0x25, 0x00, 0x10, 0x00, 0x29, 0x00, 0x11, 0x00,
    0x2B, 0x00, 0x12, 0x00, 0x2A, 0x00, 0x13, 0x00, 0x2E, 0x00, 0x00, 0xE0, 0x06, 0x00, 0x00, 0xE0,
    0x2E, 0x00, 0x00, 0xE0, 0x0D, 0x00, 0x00, 0xE0, 0x2F, 0x00, 0x14, 0x00, 0x2F, 0x00, 0x14, 0x00,
    0x2E, 0x00, 0x15, 0x00, 0x11, 0x00, 0x00, 0xE0, 0x03, 0x00, 0x00, 0xE0, 0x04, 0x00, 0x00, 0xE0,
    0x0F, 0x00, 0x00, 0xE0, 0x06, 0x00, 0x00, 0xE0, 0x0A, 0x00, 0x00, 0x00, 0x06, 0x00, 0x01, 0x00,
    0x02, 0x00, 0x00, 0xE0, 0x03, 0x00, 0x00, 0xE0, 0x04, 0x00, 0x00, 0xE0, 0x05, 0x00, 0x00, 0xE0,
    0x06, 0x00, 0x00, 0xE0, 0x08, 0x00, 0x02, 0x00, 0x09, 0x00, 0x03, 0x00, 0x02, 0x00, 0x00, 0xE0,
    0x03, 0x00, 0x00, 0xE0, 0x04, 0x00, 0x00, 0xE0, 0x05, 0x00, 0x00, 0xE0, 0x06, 0x00, 0x00, 0xE0,
    0x0D, 0x00, 0x00, 0x00, 0x0E, 0x00, 0x01, 0x00, 0x0F, 0x00, 0x02, 0x00, 0x12, 0x00, 0x03, 0x00,
    0x11, 0x00, 0x04, 0x00, 0x02, 0x00, 0x00, 0xE0, 0x03, 0x00, 0x00, 0xE0, 0x04, 0x00, 0x00, 0xE0,
    0x05, 0x00, 0x00, 0xE0, 0x06, 0x00, 0x00, 0xE0, 0x14, 0x00, 0x05, 0x00, 0x12, 0x00, 0x00, 0xE0,
    0x03, 0x00, 0x00, 0xE0, 0x04, 0x00, 0x00, 0xE0, 0x05, 0x00, 0x00, 0xE0, 0x06, 0x00, 0x00, 0xE0,
    0x15, 0x00, 0x06, 0x00, 0x13, 0x00, 0x00, 0xE0, 0x03, 0x00, 0x00, 0xE0, 0x04, 0x00, 0x00, 0xE0,
    0x05, 0x00, 0x00, 0xE0, 0x06, 0x00, 0x00, 0xE0, 0x13, 0x00, 0x08, 0x00, 0x14, 0x00, 0x00, 0xE0,
    0x03, 0x00, 0x00, 0xE0, 0x04, 0x00, 0x00, 0xE0, 0x05, 0x00, 0x00, 0xE0, 0x06, 0x00, 0x00, 0xE0,
    0x10, 0x00, 0x07, 0x00, 0x03, 0x00, 0x00, 0xE0, 0x05, 0x00, 0x00, 0xE0, 0x15, 0x00, 0x00, 0xE0,
    0x05, 0x00, 0x00, 0xE0, 0x06, 0x00, 0x00, 0xE0, 0x17, 0x00, 0x09, 0x00, 0x18, 0x00, 0x0A, 0x00,
    0x02, 0x00, 0x00, 0xE0, 0x03, 0x00, 0x00, 0xE0, 0x04, 0x00, 0x00, 0xE0, 0x05, 0x00, 0x00, 0xE0,
    0x06, 0x00, 0x00, 0xE0, 0x34, 0x00, 0x00, 0x00, 0x35, 0x00, 0x01, 0x00, 0x38, 0x00, 0x02, 0x00,
    0x38, 0x00, 0x02, 0x00, 0x3A, 0x00, 0x03, 0x00, 0x3A, 0x00, 0x03, 0x00, 0x36, 0x00, 0x04, 0x00,
    0x37, 0x00, 0x05, 0x00, 0x37, 0x00, 0x05, 0x00, 0x39, 0x00, 0x06, 0x00, 0x39, 0x00, 0x06, 0x00,
    0x53, 0x00, 0x07, 0x00, 0x56, 0x00, 0x08, 0x00, 0x52, 0x00, 0x09, 0x00, 0x51, 0x00, 0x0A, 0x00,
    0x54, 0x00, 0x0B, 0x00, 0x55, 0x00, 0x0C, 0x00, 0x60, 0x00, 0x0D, 0x00, 0x18, 0x00, 0x00, 0xE0,
    0x03, 0x00, 0x00, 0xE0, 0x04, 0x00, 0x00, 0xE0, 0x05, 0x00, 0x00, 0xE0, 0x06, 0x00, 0x00, 0xE0,
    0x6E, 0x00, 0x0E, 0x00, 0x6C, 0x00, 0x0F, 0x00, 0x66, 0x00, 0x10, 0x00, 0x65, 0x00, 0x12, 0x00,
    0x68, 0x00, 0x14, 0x00, 0x43, 0x00, 0x16, 0x00, 0x2F, 0x00, 0x00, 0xE0, 0x18, 0x00, 0x00, 0xE0,
    0x45, 0x00, 0x18, 0x00, 0x2F, 0x00, 0x00, 0xE0, 0x18, 0x00, 0x00, 0xE0, 0x69, 0x00, 0x19, 0x00,
    0x48, 0x00, 0x1B, 0x00, 0x30, 0x00, 0x00, 0xE0, 0x18, 0x00, 0x00, 0xE0, 0x4A, 0x00, 0x1D, 0x00,
    0x30, 0x00, 0x00, 0xE0, 0x18, 0x00, 0x00, 0xE0, 0x6A, 0x00, 0x1E, 0x00, 0x4D, 0x00, 0x20, 0x00,
    0x31, 0x00, 0x00, 0xE0, 0x18, 0x00, 0x00, 0xE0, 0x4F, 0x00, 0x22, 0x00, 0x31, 0x00, 0x00, 0xE0,
    0x18, 0x00, 0x00, 0xE0, 0x32, 0x00, 0x00, 0xE0, 0x0D, 0x00, 0x00, 0xE0, 0x32, 0x00, 0x00, 0xE0,
    0x0D, 0x00, 0x00, 0xE0, 0x50, 0x00, 0x23, 0x00, 0x32, 0x00, 0x00, 0xE0, 0x33, 0x00, 0x00, 0xE0,
    0x50, 0x00, 0x23, 0x00, 0x32, 0x00, 0x00, 0xE0, 0x34, 0x00, 0x00, 0xE0, 0x50, 0x00, 0x23, 0x00,
    0x32, 0x00, 0x00, 0xE0, 0x35, 0x00, 0x00, 0xE0, 0x50, 0x00, 0x23, 0x00, 0x32, 0x00, 0x00, 0xE0,
    0x36, 0x00, 0x00, 0xE0, 0x32, 0x00, 0x00, 0xE0, 0x06, 0x00, 0x00, 0xE0, 0x32, 0x00, 0x00, 0xE0,
    0x06, 0x00, 0x00, 0xE0, 0x6B, 0x00, 0x24, 0x00, 0x5B, 0x00, 0x26, 0x00, 0x5C, 0x00, 0x27, 0x00,
    0x58, 0x00, 0x25, 0x00, 0x58, 0x00, 0x25, 0x00, 0x37, 0x00, 0x00, 0xE0, 0x0D, 0x00, 0x00, 0xE0,
    0x37, 0x00, 0x00, 0xE0, 0x06, 0x00, 0x00, 0xE0, 0x58, 0x00, 0x25, 0x00, 0x6E, 0x00, 0x0E, 0x00,
    0x63, 0x00, 0x2A, 0x00, 0x64, 0x00, 0x2B, 0x00, 0x67, 0x00, 0x2C, 0x00, 0x02, 0x00, 0x00, 0xE0,
    0x03, 0x00, 0x00, 0xE0, 0x04, 0x00, 0x00, 0xE0, 0x05, 0x00, 0x00, 0xE0, 0x06, 0x00, 0x00, 0xE0,
    0x38, 0x00, 0x00, 0xE0, 0x18, 0x00, 0x00, 0xE0, 0x39, 0x00, 0x00, 0xE0, 0x18, 0x00, 0x00, 0xE0,
    0x40, 0x00, 0x13, 0x00, 0x5E, 0x00, 0x28, 0x00, 0x3E, 0x00, 0x11, 0x00, 0x5F, 0x00, 0x29, 0x00,
    0x42, 0x00, 0x15, 0x00, 0x44, 0x00, 0x17, 0x00, 0x47, 0x00, 0x1A, 0x00, 0x49, 0x00, 0x1C, 0x00,
    0x4C, 0x00, 0x1F, 0x00, 0x4E, 0x00, 0x21, 0x00, 0x6C, 0x00, 0x0F, 0x00, 0x05, 0x00, 0x00, 0x00,
    0x02, 0x00, 0x00, 0xE0, 0x03, 0x00, 0x00, 0xE0, 0x04, 0x00, 0x00, 0xE0, 0x05, 0x00, 0x00, 0xE0,
    0x06, 0x00, 0x00, 0xE0, 0x06, 0x00, 0x00, 0x00, 0x08, 0x00, 0x01, 0x00, 0x07, 0x00, 0x02, 0x00,
    0x18, 0x00, 0x00, 0xE0, 0x03, 0x00, 0x00, 0xE0, 0x04, 0x00, 0x00, 0xE0, 0x05, 0x00, 0x00, 0xE0,
    0x06, 0x00, 0x00, 0xE0, 0x05, 0x00, 0x00, 0x00, 0x06, 0x00, 0x01, 0x00, 0x18, 0x00, 0x00, 0xE0,
    0x03, 0x00, 0x00, 0xE0, 0x04, 0x00, 0x00, 0xE0, 0x05, 0x00, 0x00, 0xE0, 0x06, 0x00, 0x00, 0xE0,
    0x08, 0x00, 0x02, 0x00, 0x09, 0x00, 0x03, 0x00, 0x02, 0x00, 0x00, 0xE0, 0x03, 0x00, 0x00, 0xE0,
    0x04, 0x00, 0x00, 0xE0, 0x05, 0x00, 0x00, 0xE0, 0x06, 0x00, 0x00, 0xE0, 0x04, 0x00, 0x00, 0x00,
    0x18, 0x00, 0x00, 0xE0, 0x05, 0x00, 0x00, 0xE0, 0x15, 0x00, 0x00, 0xE0, 0x05, 0x00, 0x00, 0xE0,
    0x06, 0x00, 0x00, 0xE0, 0x02, 0x00, 0x00, 0xE0, 0x05, 0x00, 0x00, 0xE0, 0x15, 0x00, 0x00, 0xE0,
    0x05, 0x00, 0x00, 0xE0, 0x06, 0x00, 0x00, 0xE0, 0x05, 0x00, 0x03, 0x00, 0x03, 0x00, 0x02, 0x00,
    0x02, 0x00, 0x01, 0x00, 0x00, 0x00, 0x00, 0x00, 0x2B, 0x00, 0x00, 0xE0, 0x18, 0x00, 0x00, 0xE0,
    0x2C, 0x00, 0x00, 0xE0, 0x06, 0x00, 0x00, 0xE0, 0x2D, 0x00, 0x00, 0xE0, 0x0D, 0x00, 0x00, 0xE0,
    0x01, 0x00, 0x01, 0x00, 0x2B, 0x00, 0x00, 0xE0, 0x18, 0x00, 0x00, 0xE0, 0x2C, 0x00, 0x00, 0xE0,
    0x0D, 0x00, 0x00, 0xE0, 0x2D, 0x00, 0x00, 0xE0, 0x06, 0x00, 0x00, 0xE0, 0x02, 0x00, 0x02, 0x00,
    0x03, 0x00, 0x03, 0x00, 0x18, 0x00, 0x00, 0xE0, 0x03, 0x00, 0x00, 0xE0, 0x04, 0x00, 0x00, 0xE0,
    0x05, 0x00, 0x00, 0xE0, 0x06, 0x00, 0x00, 0xE0, 0x3A, 0x00, 0x00, 0xE0, 0x06, 0x00, 0x00, 0xE0,
    0x3B, 0x00, 0x00, 0xE0, 0x0D, 0x00, 0x00, 0xE0, 0x3C, 0x00, 0x00, 0xE0, 0x0D, 0x00, 0x00, 0xE0,
    0x07, 0x00, 0x01, 0x00, 0x08, 0x00, 0x02, 0x00, 0x03, 0x00, 0x04, 0x00, 0x00, 0x00, 0x00, 0x00,
    0x05, 0x00, 0x06, 0x00, 0x09, 0x00, 0x07, 0x00, 0x02, 0x00, 0x03, 0x00, 0x06, 0x00, 0x08, 0x00,
    0x3A, 0x00, 0x00, 0xE0, 0x21, 0x00, 0x00, 0xE0, 0x3A, 0x00, 0x00, 0xE0, 0x22, 0x00, 0x00, 0xE0,
    0x23, 0x00, 0x00, 0xE0, 0x05, 0x00, 0x00, 0xE0, 0x05, 0x00, 0x00, 0xE0, 0x3B, 0x00, 0x00, 0xE0,
    0x06, 0x00, 0x00, 0xE0, 0x3C, 0x00, 0x00, 0xE0, 0x06, 0x00, 0x00, 0xE0, 0x04, 0x00, 0x05, 0x00,
    0x06, 0x00, 0x08, 0x00, 0x3A, 0x00, 0x00, 0xE0, 0x21, 0x00, 0x00, 0xE0, 0x3A, 0x00, 0x00, 0xE0,
    0x22, 0x00, 0x00, 0xE0, 0x24, 0x00, 0x00, 0xE0, 0x05, 0x00, 0x00, 0xE0, 0x05, 0x00, 0x00, 0xE0,
    0x3B, 0x00, 0x00, 0xE0, 0x06, 0x00, 0x00, 0xE0, 0x3C, 0x00, 0x00, 0xE0, 0x06, 0x00, 0x00, 0xE0,
    0x3A, 0x00, 0x00, 0xE0, 0x06, 0x00, 0x00, 0xE0, 0x3B, 0x00, 0x00, 0xE0, 0x0D, 0x00, 0x00, 0xE0,
    0x3C, 0x00, 0x00, 0xE0, 0x0D, 0x00, 0x00, 0xE0, 0x02, 0x00, 0x01, 0x00, 0x37, 0x00, 0x00, 0xE0,
    0x22, 0x00, 0x00, 0xE0, 0x25, 0x00, 0x00, 0xE0, 0x05, 0x00, 0x00, 0xE0, 0x18, 0x00, 0x00, 0xE0,
    0x37, 0x00, 0x00, 0xE0, 0x26, 0x00, 0x00, 0xE0, 0x05, 0x00, 0x00, 0xE0, 0x05, 0x00, 0x00, 0xE0,
    0x18, 0x00, 0x00, 0xE0, 0x00, 0x00, 0x00, 0x00, 0x37, 0x00, 0x00, 0xE0, 0x18, 0x00, 0x00, 0xE0,
    0x34, 0x00, 0x00, 0xE0, 0x06, 0x00, 0x00, 0xE0, 0x35, 0x00, 0x00, 0xE0, 0x06, 0x00, 0x00, 0xE0,
    0x33, 0x00, 0x00, 0xE0, 0x06, 0x00, 0x00, 0xE0, 0x36, 0x00, 0x00, 0xE0, 0x06, 0x00, 0x00, 0xE0,
    0x3D, 0x00, 0x00, 0xE0, 0x06, 0x00, 0x00, 0xE0, 0x3E, 0x00, 0x00, 0xE0, 0x06, 0x00, 0x00, 0xE0,
    0x3F, 0x00, 0x00, 0xE0, 0x06, 0x00, 0x00, 0xE0, 0x3F, 0x00, 0x00, 0xE0, 0x02, 0x00, 0x00, 0xE0,
    0x40, 0x00, 0x00, 0xE0, 0x06, 0x00, 0x00, 0xE0, 0x40, 0x00, 0x00, 0xE0, 0x02, 0x00, 0x00, 0xE0,
    0x41, 0x00, 0x00, 0xE0, 0x06, 0x00, 0x00, 0xE0, 0x41, 0x00, 0x00, 0xE0, 0x02, 0x00, 0x00, 0xE0,
    0x42, 0x00, 0x00, 0xE0, 0x06, 0x00, 0x00, 0xE0, 0x42, 0x00, 0x00, 0xE0, 0x02, 0x00, 0x00, 0xE0,
    0x03, 0x00, 0x03, 0x00, 0x04, 0x00, 0x04, 0x00, 0x37, 0x00, 0x00, 0xE0, 0x22, 0x00, 0x00, 0xE0,
    0x27, 0x00, 0x00, 0xE0, 0x05, 0x00, 0x00, 0xE0, 0x18, 0x00, 0x00, 0xE0, 0x37, 0x00, 0x00, 0xE0,
    0x26, 0x00, 0x00, 0xE0, 0x05, 0x00, 0x00, 0xE0, 0x05, 0x00, 0x00, 0xE0, 0x18, 0x00, 0x00, 0xE0,
    0x07, 0x00, 0x05, 0x00, 0x37, 0x00, 0x00, 0xE0, 0x18, 0x00, 0x00, 0xE0, 0x34, 0x00, 0x00, 0xE0,
    0x0D, 0x00, 0x00, 0xE0, 0x35, 0x00, 0x00, 0xE0, 0x0D, 0x00, 0x00, 0xE0, 0x33, 0x00, 0x00, 0xE0,
    0x0D, 0x00, 0x00, 0xE0, 0x36, 0x00, 0x00, 0xE0, 0x0D, 0x00, 0x00, 0xE0, 0x3D, 0x00, 0x00, 0xE0,
    0x0D, 0x00, 0x00, 0xE0, 0x3E, 0x00, 0x00, 0xE0, 0x0D, 0x00, 0x00, 0xE0, 0x3F, 0x00, 0x00, 0xE0,
    0x0D, 0x00, 0x00, 0xE0, 0x3F, 0x00, 0x00, 0xE0, 0x02, 0x00, 0x00, 0xE0, 0x40, 0x00, 0x00, 0xE0,
    0x0D, 0x00, 0x00, 0xE0, 0x40, 0x00, 0x00, 0xE0, 0x02, 0x00, 0x00, 0xE0, 0x41, 0x00, 0x00, 0xE0,
    0x0D, 0x00, 0x00, 0xE0, 0x41, 0x00, 0x00, 0xE0, 0x02, 0x00, 0x00, 0xE0, 0x42, 0x00, 0x00, 0xE0,
    0x0D, 0x00, 0x00, 0xE0, 0x42, 0x00, 0x00, 0xE0, 0x02, 0x00, 0x00, 0xE0, 0x01, 0x00, 0x02, 0x00,
    0x05, 0x00, 0x06, 0x00, 0x01, 0x00, 0x02, 0x00, 0x05, 0x00, 0x06, 0x00, 0x03, 0x00, 0x01, 0x00,
    0x05, 0x00, 0x03, 0x00, 0x00, 0x00, 0x00, 0x00, 0x3D, 0x00, 0x00, 0xE0, 0x18, 0x00, 0x00, 0xE0,
    0x3F, 0x00, 0x00, 0xE0, 0x0D, 0x00, 0x00, 0xE0, 0x3F, 0x00, 0x00, 0xE0, 0x02, 0x00, 0x00, 0xE0,
    0x41, 0x00, 0x00, 0xE0, 0x0D, 0x00, 0x00, 0xE0, 0x41, 0x00, 0x00, 0xE0, 0x02, 0x00, 0x00, 0xE0,
    0x01, 0x00, 0x02, 0x00, 0x3D, 0x00, 0x00, 0xE0, 0x18, 0x00, 0x00, 0xE0, 0x3F, 0x00, 0x00, 0xE0,
    0x06, 0x00, 0x00, 0xE0, 0x3F, 0x00, 0x00, 0xE0, 0x02, 0x00, 0x00, 0xE0, 0x41, 0x00, 0x00, 0xE0,
    0x06, 0x00, 0x00, 0xE0, 0x41, 0x00, 0x00, 0xE0, 0x02, 0x00, 0x00, 0xE0, 0x02, 0x00, 0x04, 0x00,
    0x04, 0x00, 0x05, 0x00, 0x03, 0x00, 0x01, 0x00, 0x03, 0x00, 0x01, 0x00, 0x00, 0x00, 0x00, 0x00,
    0x3E, 0x00, 0x00, 0xE0, 0x18, 0x00, 0x00, 0xE0, 0x40, 0x00, 0x00, 0xE0, 0x0D, 0x00, 0x00, 0xE0,
    0x40, 0x00, 0x00, 0xE0, 0x02, 0x00, 0x00, 0xE0, 0x42, 0x00, 0x00, 0xE0, 0x0D, 0x00, 0x00, 0xE0,
    0x42, 0x00, 0x00, 0xE0, 0x02, 0x00, 0x00, 0xE0, 0x01, 0x00, 0x02, 0x00, 0x3E, 0x00, 0x00, 0xE0,
    0x18, 0x00, 0x00, 0xE0, 0x40, 0x00, 0x00, 0xE0, 0x06, 0x00, 0x00, 0xE0, 0x40, 0x00, 0x00, 0xE0,
    0x02, 0x00, 0x00, 0xE0, 0x42, 0x00, 0x00, 0xE0, 0x06, 0x00, 0x00, 0xE0, 0x42, 0x00, 0x00, 0xE0,
    0x14, 0x00, 0x00, 0xE0, 0x02, 0x00, 0x03, 0x00, 0x04, 0x00, 0x04, 0x00, 0xA8, 0x01, 0x00, 0x00,
    0xB4, 0x01, 0x00, 0x00, 0xC0, 0x01, 0x00, 0x00, 0xCC, 0x01, 0x00, 0x00, 0xD8, 0x01, 0x00, 0x00,
    0xE4, 0x01, 0x00, 0x00, 0xF0, 0x01, 0x00, 0x00, 0xFC, 0x01, 0x00, 0x00, 0x08, 0x02, 0x00, 0x00,
    0x14, 0x02, 0x00, 0x00, 0x20, 0x02, 0x00, 0x00, 0x2C, 0x02, 0x00, 0x00, 0x38, 0x02, 0x00, 0x00,
    0x44, 0x02, 0x00, 0x00, 0x50, 0x02, 0x00, 0x00, 0x5C, 0x02, 0x00, 0x00, 0x68, 0x02, 0x00, 0x00,
    0x74, 0x02, 0x00, 0x00, 0x80, 0x02, 0x00, 0x00, 0x8C, 0x02, 0x00, 0x00, 0x98, 0x02, 0x00, 0x00,
    0xA4, 0x02, 0x00, 0x00, 0xB0, 0x02, 0x00, 0x00, 0xBC, 0x02, 0x00, 0x00, 0xC8, 0x02, 0x00, 0x00,
    0xD4, 0x02, 0x00, 0x00, 0xE0, 0x02, 0x00, 0x00, 0xEC, 0x02, 0x00, 0x00, 0xF8, 0x02, 0x00, 0x00,
    0x04, 0x03, 0x00, 0x00, 0x10, 0x03, 0x00, 0x00, 0x1C, 0x03, 0x00, 0x00, 0x28, 0x03, 0x00, 0x00,
    0x34, 0x03, 0x00, 0x00, 0x40, 0x03, 0x00, 0x00, 0x4C, 0x03, 0x00, 0x00, 0x58, 0x03, 0x00, 0x00,
    0x64, 0x03, 0x00, 0x00, 0x70, 0x03, 0x00, 0x00, 0x7C, 0x03, 0x00, 0x00, 0x88, 0x03, 0x00, 0x00,
    0x94, 0x03, 0x00, 0x00, 0xA0, 0x03, 0x00, 0x00, 0xAC, 0x03, 0x00, 0x00, 0xB8, 0x03, 0x00, 0x00,
    0xC4, 0x03, 0x00, 0x00, 0xD0, 0x03, 0x00, 0x00, 0xDC, 0x03, 0x00, 0x00, 0xE8, 0x03, 0x00, 0x00,
    0xF4, 0x03, 0x00, 0x00, 0x00, 0x04, 0x00, 0x00, 0x0C, 0x04, 0x00, 0x00, 0x18, 0x04, 0x00, 0x00,
    0x24, 0x04, 0x00, 0x00, 0x30, 0x04, 0x00, 0x00, 0x3C, 0x04, 0x00, 0x00, 0x48, 0x04, 0x00, 0x00,
    0x54, 0x04, 0x00, 0x00, 0x60, 0x04, 0x00, 0x00, 0x6C, 0x04, 0x00, 0x00, 0x78, 0x04, 0x00, 0x00,
    0x84, 0x04, 0x00, 0x00, 0x90, 0x04, 0x00, 0x00, 0x9C, 0x04, 0x00, 0x00, 0xA8, 0x04, 0x00, 0x00,
    0xB4, 0x04, 0x00, 0x00, 0xC0, 0x04, 0x00, 0x00, 0x03, 0x03, 0x01, 0x03, 0x03, 0x03, 0x00, 0x00,
    0x03, 0x03, 0x03, 0x03, 0x03, 0x03, 0x03, 0x03, 0x03, 0x03, 0x03, 0x03, 0x03, 0x03, 0x03, 0x03,
    0x03, 0x03, 0x03, 0x03, 0x03, 0x01, 0x00, 0x00, 0x03, 0x03, 0x03, 0x03, 0x03, 0x03, 0x03, 0x03,
    0x03, 0x01, 0x01, 0x01, 0x01, 0x03, 0x03, 0x00, 0x03, 0x03, 0x03, 0x03, 0x03, 0x03, 0x03, 0x03,
    0x03, 0x03, 0x03, 0x03, 0x03, 0x01, 0x03, 0x03, 0x03, 0x03, 0x03, 0x03, 0x03, 0x03, 0x03, 0x03,
    0x03, 0x03, 0x03, 0x03, 0x03, 0x03, 0x03, 0x03, 0x03, 0x03, 0x03, 0x03, 0x03, 0x03, 0x03, 0x03,
    0x03, 0x03, 0x03, 0x03, 0x03, 0x00, 0x00, 0x00, 0x03, 0x00, 0x00, 0x00, 0x03, 0x01, 0x01, 0x00,
    0x03, 0x01, 0x03, 0x03, 0x03, 0x03, 0x03, 0x03, 0x03, 0x03, 0x03, 0x03, 0x03, 0x03, 0x03, 0x03,
    0x01, 0x03, 0x01, 0x03, 0x03, 0x00, 0x00, 0x00, 0x03, 0x01, 0x03, 0x03, 0x01, 0x03, 0x03, 0x00,
    0x03, 0x03, 0x03, 0x03, 0x03, 0x03, 0x00, 0x00, 0x03, 0x03, 0x03, 0x03, 0x03, 0x00, 0x00, 0x00,
    0x00, 0x00, 0x00, 0x00, 0x00, 0x00, 0x00, 0x00, 0x00, 0x00, 0x00, 0x00, 0x00, 0x00, 0x00, 0x00,
    0x00, 0x00, 0x00, 0x00, 0x01, 0x00, 0x00, 0x00, 0x00, 0x00, 0x00, 0x00, 0x00, 0x00, 0x00, 0x00,
    0x00, 0x00, 0x00, 0x00, 0x07, 0x00, 0x00, 0x00, 0x00, 0x00, 0x00, 0x00, 0x02, 0x00, 0x00, 0x00,
    0x00, 0x00, 0x00, 0x00, 0x07, 0x00, 0x00, 0x00, 0x00, 0x00, 0x00, 0x00, 0x09, 0x00, 0x00, 0x00,
    0x00, 0x00, 0x00, 0x00, 0x07, 0x00, 0x00, 0x00, 0x00, 0x00, 0x00, 0x00, 0xC8, 0x00, 0x00, 0x00,
    0x00, 0x00, 0x00, 0x00, 0x07, 0x00, 0x00, 0x00, 0x00, 0x00, 0x00, 0x00, 0x00, 0x00, 0x00, 0x00,
    0x00, 0x00, 0x00, 0x00, 0x02, 0x00, 0x00, 0x00, 0x00, 0x00, 0x00, 0x00, 0x01, 0x00, 0x00, 0x00,
    0x00, 0x00, 0x00, 0x00, 0x07, 0x00, 0x00, 0x00, 0x00, 0x00, 0x00, 0x00, 0xDC, 0x05, 0x00, 0x00,
    0x00, 0x00, 0x00, 0x00, 0x0E, 0x00, 0x00, 0x00, 0x00, 0x00, 0x00, 0x00, 0xA8, 0x03, 0x00, 0x00,
    0x00, 0x00, 0x00, 0x00, 0x0E, 0x00, 0x00, 0x00, 0x00, 0x00, 0x00, 0x00, 0xAC, 0x03, 0x00, 0x00,
    0x00, 0x00, 0x00, 0x00, 0x0E, 0x00, 0x00, 0x00, 0x00, 0x00, 0x00, 0x00, 0xAC, 0x03, 0x00, 0x00,
    0x00, 0x00, 0x00, 0x00, 0x0E, 0x00, 0x00, 0x00, 0x00, 0x00, 0x00, 0x00, 0xA4, 0x03, 0x00, 0x00,
    0x00, 0x00, 0x00, 0x00, 0x0E, 0x00, 0x00, 0x00, 0x00, 0x00, 0x00, 0x00, 0x98, 0x03, 0x00, 0x00,
    0x00, 0x00, 0x00, 0x00, 0x02, 0x00, 0x00, 0x00, 0x00, 0x00, 0x00, 0x00, 0x00, 0x00, 0x00, 0x00,
    0x00, 0x00, 0x00, 0x00, 0x07, 0x00, 0x00, 0x00, 0x00, 0x00, 0x00, 0x00, 0x03, 0x00, 0x00, 0x00,
    0x00, 0x00, 0x00, 0x00, 0x07, 0x00, 0x00, 0x00, 0x00, 0x00, 0x00, 0x00, 0x64, 0x00, 0x00, 0x00,
    0x00, 0x00, 0x00, 0x00, 0x07, 0x00, 0x00, 0x00, 0x00, 0x00, 0x00, 0x00, 0xF4, 0x01, 0x00, 0x00,
    0x00, 0x00, 0x00, 0x00, 0x07, 0x00, 0x00, 0x00, 0x00, 0x00, 0x00, 0x00, 0x06, 0x00, 0x00, 0x00,
    0x00, 0x00, 0x00, 0x00, 0x07, 0x00, 0x00, 0x00, 0x00, 0x00, 0x00, 0x00, 0x07, 0x00, 0x00, 0x00,
    0x00, 0x00, 0x00, 0x00, 0x07, 0x00, 0x00, 0x00, 0x00, 0x00, 0x00, 0x00, 0x05, 0x00, 0x00, 0x00,
    0x00, 0x00, 0x00, 0x00, 0x07, 0x00, 0x00, 0x00, 0x00, 0x00, 0x00, 0x00, 0x08, 0x00, 0x00, 0x00,
    0x00, 0x00, 0x00, 0x00, 0x07, 0x00, 0x00, 0x00, 0x00, 0x00, 0x00, 0x00, 0xE8, 0x03, 0x00, 0x00,
    0x00, 0x00, 0x00, 0x00, 0x07, 0x00, 0x00, 0x00, 0x00, 0x00, 0x00, 0x00, 0x00, 0xFF, 0x00, 0x00,
    0x00, 0x00, 0x00, 0x00, 0x07, 0x00, 0x00, 0x00, 0x00, 0x00, 0x00, 0x00, 0x00, 0x00, 0xFF, 0x00,
    0x00, 0x00, 0x00, 0x00, 0x07, 0x00, 0x00, 0x00, 0x00, 0x00, 0x00, 0x00, 0x04, 0x00, 0x00, 0x00,
    0x00, 0x00, 0x00, 0x00, 0x0E, 0x00, 0x00, 0x00, 0x00, 0x00, 0x00, 0x00, 0xCC, 0x02, 0x00, 0x00,
    0x00, 0x00, 0x00, 0x00, 0x0E, 0x00, 0x00, 0x00, 0x00, 0x00, 0x00, 0x00, 0xC4, 0x02, 0x00, 0x00,
    0x00, 0x00, 0x00, 0x00, 0x0E, 0x00, 0x00, 0x00, 0x00, 0x00, 0x00, 0x00, 0xC0, 0x02, 0x00, 0x00,
    0x00, 0x00, 0x00, 0x00, 0x0E, 0x00, 0x00, 0x00, 0x00, 0x00, 0x00, 0x00, 0xB4, 0x02, 0x00, 0x00,
    0x00, 0x00, 0x00, 0x00, 0x0E, 0x00, 0x00, 0x00, 0x00, 0x00, 0x00, 0x00, 0xAC, 0x02, 0x00, 0x00,
    0x00, 0x00, 0x00, 0x00, 0x0E, 0x00, 0x00, 0x00, 0x00, 0x00, 0x00, 0x00, 0xA4, 0x02, 0x00, 0x00,
    0x00, 0x00, 0x00, 0x00, 0x0E, 0x00, 0x00, 0x00, 0x00, 0x00, 0x00, 0x00, 0xA8, 0x02, 0x00, 0x00,
    0x00, 0x00, 0x00, 0x00, 0x0E, 0x00, 0x00, 0x00, 0x00, 0x00, 0x00, 0x00, 0xA8, 0x02, 0x00, 0x00,
    0x00, 0x00, 0x00, 0x00, 0x07, 0x00, 0x00, 0x00, 0x00, 0x00, 0x00, 0x00, 0x01, 0x00, 0x00, 0x00,
    0x00, 0x00, 0x00, 0x00, 0x07, 0x00, 0x00, 0x00, 0x00, 0x00, 0x00, 0x00, 0x49, 0x00, 0x00, 0x00,
    0x00, 0x00, 0x00, 0x00, 0x07, 0x00, 0x00, 0x00, 0x00, 0x00, 0x00, 0x00, 0x06, 0xC9, 0x3A, 0x00,
    0x00, 0x00, 0x00, 0x00, 0x07, 0x00, 0x00, 0x00, 0x00, 0x00, 0x00, 0x00, 0x00, 0x00, 0xB8, 0x00,
    0x00, 0x00, 0x00, 0x00, 0x07, 0x00, 0x00, 0x00, 0x00, 0x00, 0x00, 0x00, 0x00, 0xF8, 0xFF, 0x00,
    0x00, 0x00, 0x00, 0x00, 0x07, 0x00, 0x00, 0x00, 0x00, 0x00, 0x00, 0x00, 0x5C, 0x00, 0x00, 0x00,
    0x00, 0x00, 0x00, 0x00, 0x07, 0x00, 0x00, 0x00, 0x00, 0x00, 0x00, 0x00, 0x00, 0x81, 0xFF, 0x00,
    0x00, 0x00, 0x00, 0x00, 0x0E, 0x00, 0x00, 0x00, 0x00, 0x00, 0x00, 0x00, 0x2C, 0x02, 0x00, 0x00,
    0x00, 0x00, 0x00, 0x00, 0x0E, 0x00, 0x00, 0x00, 0x00, 0x00, 0x00, 0x00, 0x28, 0x02, 0x00, 0x00,
    0x00, 0x00, 0x00, 0x00, 0x07, 0x00, 0x00, 0x00, 0x00, 0x00, 0x00, 0x00, 0x15, 0x00, 0x00, 0x00,
    0x00, 0x00, 0x00, 0x00, 0x07, 0x00, 0x00, 0x00, 0x00, 0x00, 0x00, 0x00, 0x13, 0x00, 0x00, 0x00,
    0x00, 0x00, 0x00, 0x00, 0x07, 0x00, 0x00, 0x00, 0x00, 0x00, 0x00, 0x00, 0x28, 0x00, 0x00, 0x00,
    0x00, 0x00, 0x00, 0x00, 0x07, 0x00, 0x00, 0x00, 0x00, 0x00, 0x00, 0x00, 0x2A, 0x00, 0x00, 0x00,
    0x00, 0x00, 0x00, 0x00, 0x07, 0x00, 0x00, 0x00, 0x00, 0x00, 0x00, 0x00, 0x1C, 0x00, 0x00, 0x00,
    0x00, 0x00, 0x00, 0x00, 0x07, 0x00, 0x00, 0x00, 0x00, 0x00, 0x00, 0x00, 0x4A, 0x00, 0x00, 0x00,
    0x00, 0x00, 0x00, 0x00, 0x07, 0x00, 0x00, 0x00, 0x00, 0x00, 0x00, 0x00, 0x51, 0x00, 0x00, 0x00,
    0x00, 0x00, 0x00, 0x00, 0x07, 0x00, 0x00, 0x00, 0x00, 0x00, 0x00, 0x00, 0x4E, 0x00, 0x00, 0x00,
    0x00, 0x00, 0x00, 0x00, 0x07, 0x00, 0x00, 0x00, 0x00, 0x00, 0x00, 0x00, 0x57, 0x00, 0x00, 0x00,
    0x00, 0x00, 0x00, 0x00, 0x07, 0x00, 0x00, 0x00, 0x00, 0x00, 0x00, 0x00, 0x55, 0x00, 0x00, 0x00,
    0x00, 0x00, 0x00, 0x00, 0x07, 0x00, 0x00, 0x00, 0x00, 0x00, 0x00, 0x00, 0x54, 0x00, 0x00, 0x00,
    0x00, 0x00, 0x00, 0x00, 0x07, 0x00, 0x00, 0x00, 0x00, 0x00, 0x00, 0x00, 0x4B, 0x00, 0x00, 0x00,
    0x00, 0x00, 0x00, 0x00, 0x07, 0x00, 0x00, 0x00, 0x00, 0x00, 0x00, 0x00, 0x56, 0x00, 0x00, 0x00,
    0x00, 0x00, 0x00, 0x00, 0x07, 0x00, 0x00, 0x00, 0x00, 0x00, 0x00, 0x00, 0x52, 0x00, 0x00, 0x00,
    0x00, 0x00, 0x00, 0x00, 0x07, 0x00, 0x00, 0x00, 0x00, 0x00, 0x00, 0x00, 0x3F, 0x00, 0x00, 0x00,
    0x00, 0x00, 0x00, 0x00, 0x07, 0x00, 0x00, 0x00, 0x00, 0x00, 0x00, 0x00, 0x34, 0x00, 0x00, 0x00,
    0x00, 0x00, 0x00, 0x00, 0x07, 0x00, 0x00, 0x00, 0x00, 0x00, 0x00, 0x00, 0x23, 0x00, 0x00, 0x00,
    0x00, 0x00, 0x00, 0x00, 0x07, 0x00, 0x00, 0x00, 0x00, 0x00, 0x00, 0x00, 0x1F, 0x00, 0x00, 0x00,
    0x00, 0x00, 0x00, 0x00, 0x07, 0x00, 0x00, 0x00, 0x00, 0x00, 0x00, 0x00, 0x21, 0x00, 0x00, 0x00,
    0x00, 0x00, 0x00, 0x00, 0x07, 0x00, 0x00, 0x00, 0x00, 0x00, 0x00, 0x00, 0x3E, 0x00, 0x00, 0x00,
    0x00, 0x00, 0x00, 0x00, 0x07, 0x00, 0x00, 0x00, 0x00, 0x00, 0x00, 0x00, 0x33, 0x00, 0x00, 0x00,
    0x00, 0x00, 0x00, 0x00, 0x07, 0x00, 0x00, 0x00, 0x00, 0x00, 0x00, 0x00, 0x40, 0x00, 0x00, 0x00,
    0x00, 0x00, 0x00, 0x00, 0x07, 0x00, 0x00, 0x00, 0x00, 0x00, 0x00, 0x00, 0x35, 0x00, 0x00, 0x00,
    0x00, 0x00, 0x00, 0x00, 0x07, 0x00, 0x00, 0x00, 0x00, 0x00, 0x00, 0x00, 0x42, 0x00, 0x00, 0x00,
    0x00, 0x00, 0x00, 0x00, 0x07, 0x00, 0x00, 0x00, 0x00, 0x00, 0x00, 0x00, 0x37, 0x00, 0x00, 0x00,
    0x00, 0x00, 0x00, 0x00, 0x41, 0x76, 0x76, 0x69, 0x6F, 0x20, 0x43, 0x6F, 0x6D, 0x70, 0x6C, 0x65,
    0x74, 0x61, 0x74, 0x6F, 0x00, 0x00, 0x00, 0x00, 0x41, 0x76, 0x76, 0x69, 0x6F, 0x20, 0x69, 0x6E,
    0x20, 0x43, 0x6F, 0x72, 0x73, 0x6F, 0x00, 0x00, 0x25, 0x30, 0x32, 0x64, 0x00, 0x00, 0x00, 0x00,
    0x3A, 0x00, 0x00, 0x00, 0x2F, 0x00, 0x00, 0x00, 0x41, 0x54, 0x54, 0x49, 0x56, 0x4F, 0x00, 0x00,
    0x49, 0x4E, 0x41, 0x54, 0x54, 0x49, 0x56, 0x4F, 0x00, 0x00, 0x00, 0x00, 0xEF, 0x87, 0xAB, 0x00,
    0x53, 0x54, 0x4F, 0x50, 0x00, 0x00, 0x00, 0x00, 0x53, 0x54, 0x41, 0x52, 0x54, 0x00, 0x00, 0x00,
    0x50, 0x41, 0x53, 0x53, 0x57, 0x4F, 0x52, 0x44, 0x20, 0x43, 0x4F, 0x52, 0x52, 0x45, 0x54, 0x54,
    0x41, 0x00, 0x00, 0x00, 0x50, 0x41, 0x53, 0x53, 0x57, 0x4F, 0x52, 0x44, 0x20, 0x45, 0x52, 0x52,
    0x41, 0x54, 0x41, 0x00, 0x00, 0x00, 0x00, 0x00, 0x44, 0x49, 0x53, 0x41, 0x42, 0x49, 0x4C, 0x49,
    0x54, 0x41, 0x00, 0x00, 0x41, 0x42, 0x49, 0x4C, 0x49, 0x54, 0x41, 0x00
};

native_var_t native_vars[] = {
    { NATIVE_VAR_TYPE_NONE, 0, 0 },
    { NATIVE_VAR_TYPE_INTEGER, get_var_contatore_caps_totali, set_var_contatore_caps_totali }, 
    { NATIVE_VAR_TYPE_INTEGER, get_var_contatore_caps_ses, set_var_contatore_caps_ses }, 
    { NATIVE_VAR_TYPE_BOOLEAN, get_var_stato_avvio_macchina, set_var_stato_avvio_macchina }, 
    { NATIVE_VAR_TYPE_BOOLEAN, get_var_comando_macchina, set_var_comando_macchina }, 
    { NATIVE_VAR_TYPE_STRING, get_var_password_corretta, set_var_password_corretta }, 
    { NATIVE_VAR_TYPE_STRING, get_var_str_logger_txt, set_var_str_logger_txt }, 
    { NATIVE_VAR_TYPE_BOOLEAN, get_var_comando_motore_ralla, set_var_comando_motore_ralla }, 
    { NATIVE_VAR_TYPE_BOOLEAN, get_var_comando_motore_punzone, set_var_comando_motore_punzone }, 
    { NATIVE_VAR_TYPE_BOOLEAN, get_var_comando_avanti_motore_punzone, set_var_comando_avanti_motore_punzone }, 
    { NATIVE_VAR_TYPE_BOOLEAN, get_var_comando_indietro_motore_punzone, set_var_comando_indietro_motore_punzone }, 
    { NATIVE_VAR_TYPE_BOOLEAN, get_var_comando_avanti_motore_ralla, set_var_comando_avanti_motore_ralla }, 
    { NATIVE_VAR_TYPE_BOOLEAN, get_var_comando_indietro_motore_ralla, set_var_comando_indietro_motore_ralla }, 
    { NATIVE_VAR_TYPE_BOOLEAN, get_var_stato_motore_punzone, set_var_stato_motore_punzone }, 
    { NATIVE_VAR_TYPE_BOOLEAN, get_var_stato_motore_ralla, set_var_stato_motore_ralla }, 
    { NATIVE_VAR_TYPE_STRING, get_var_speed_motore_punz, set_var_speed_motore_punz }, 
    { NATIVE_VAR_TYPE_STRING, get_var_gradi_per_click_ralla, set_var_gradi_per_click_ralla }, 
    { NATIVE_VAR_TYPE_STRING, get_var_gradi_per_click_punz, set_var_gradi_per_click_punz }, 
    { NATIVE_VAR_TYPE_STRING, get_var_speed_motore_ralla, set_var_speed_motore_ralla }, 
    { NATIVE_VAR_TYPE_BOOLEAN, get_var_stato_sensore_di_calibrazione, set_var_stato_sensore_di_calibrazione }, 
    { NATIVE_VAR_TYPE_BOOLEAN, get_var_stato_finecorsa_max, set_var_stato_finecorsa_max }, 
    { NATIVE_VAR_TYPE_BOOLEAN, get_var_stato_finecorsa_min, set_var_stato_finecorsa_min }, 
    { NATIVE_VAR_TYPE_BOOLEAN, get_var_homing, set_var_homing }, 
    { NATIVE_VAR_TYPE_BOOLEAN, get_var_calibrazione_touch_finita, set_var_calibrazione_touch_finita }, 
    { NATIVE_VAR_TYPE_STRING, get_var_nome_rete_inserita, set_var_nome_rete_inserita }, 
    { NATIVE_VAR_TYPE_STRING, get_var_password_rete_inserita, set_var_password_rete_inserita }, 
    { NATIVE_VAR_TYPE_BOOLEAN, get_var_presenza_errore, set_var_presenza_errore }, 
    { NATIVE_VAR_TYPE_STRING, get_var_nome_errore, set_var_nome_errore }, 
    { NATIVE_VAR_TYPE_BOOLEAN, get_var_pulsante_errore, set_var_pulsante_errore }, 
    { NATIVE_VAR_TYPE_BOOLEAN, get_var_wi_fi_success, set_var_wi_fi_success }, 
    { NATIVE_VAR_TYPE_BOOLEAN, get_var_presenza_wi_fi, set_var_presenza_wi_fi }, 
};

ActionExecFunc actions[] = {
    action_calibrazione_touch,
    action_logger_page_init,
    action_logger_page_deinit,
    action_jogger_page_init,
    action_jogger_page_deinit,
    action_conf_wi_fi_page_init,
    action_conf_wi_fi_page_deinit,
    action_refresh_logs,
    action_verify_wi_fi,
};

void ui_init() {
    eez_flow_init(assets, sizeof(assets), (lv_obj_t **)&objects, sizeof(objects), images, sizeof(images), actions);
}

void ui_tick() {
    eez_flow_tick();
    tick_screen(g_currentScreen);
}